Region,Local Authority,LA Code,LAU1,Number of MPANs (thousands) - Domestic consumers - Economy 7 meters,Number of MPANs (thousands) - Domestic consumers - Standard Meters,Number of MPANs (thousands) - Domestic consumers - All domestic,Number of MPANs (thousands) - Non-domestic consumers - All Non-domestic,Number of MPANs (thousands) - Non-domestic consumers - Total number of Meters,Sales (GWh) - Domestic consumers - Economy 7 meters,Sales (GWh) - Domestic consumers - Standard meters,Sales (GWh) - Domestic consumers - All domestic,Sales (GWh) - Non-domestic consumers - All non-domestic,Sales (GWh) - All - Total consumption,Averages (KWh) - Domestic Economy 7 - Mean consumption,Averages (KWh) - Domestic Economy 8 - Median consumption,Averages (KWh) - Standard - Mean consumption,Averages (KWh) - Standard - Median consumption,Averages (KWh) - All domestic - Mean consumption,Averages (KWh) - All domestic - Median consumption,Averages (KWh) - Non-domestic - Mean consumption,Averages (KWh) - Non-domestic - Median consumption,Averages (KWh) - All - Mean consumption,Averages (KWh) - All - Median consumption,Average domestic consumption per household (kWh) (2) -  - ,Year
SCOTLAND,Aberdeen City,S12000033,UKM5001,16.257999999999999,107.803,124.06100000000001,8.1189999999999998,132.18,75.858058299999996,369.0372807,444.89533899999998,815.66311459999997,1260.5584535999999,4666,3837,3423,2766,3586,2844,100463,16035,9537,2943,4235.2027092634726,2013
SCOTLAND,Aberdeenshire,S12000034,UKM5002,18.774999999999999,104.084,122.85899999999999,12.95,135.809,138.62260840000002,457.62674299999998,596.24935140000002,665.09760060000008,1261.3469520000001,7383,6462,4397,3697,4853,3916,51359,8006,9288,4016,5565.7657325815853,2013
SCOTLAND,Angus,S12000041,UKM2101,11.146000000000001,50.357999999999997,61.503999999999998,5.3239999999999998,66.828000000000003,69.159167299999993,194.5461837,263.70535100000001,280.28172160000003,543.98707260000003,6205,5299,3863,3277,4288,3480,52645,8318,8140,3566,5031.2966439623769,2013
SCOTLAND,Argyll and Bute,S12000035,"UKM3101, UKM6302, UKM6303",17.401,41.634,59.034999999999997,6.8639999999999999,65.899000000000001,122.87313709999999,157.275216,280.14835310000001,237.76502680000002,517.9133799,7061,6105,3778,3049,4745,3560,34639,7840,7859,3697,6843.9036766502177,2013
SCOTLAND,City of Edinburgh,S12000036,UKM2500,41.006,218.101,259.10700000000003,19.655999999999999,278.76299999999998,176.93349219999999,715.18313610000007,892.1166283,1591.0711620999998,2483.1877904000003,4315,3485,3279,2715,3443,2788,80946,9440,8908,2859,3926.189490014171,2013
SCOTLAND,Clackmannanshire,S12000005,UKM2201,2.665,22.164999999999999,24.83,1.34,26.17,12.634877599999999,77.803021900000005,90.4378995,130.34543880000001,220.78333830000003,4741,3566,3510,3085,3642,3117,97273,9344,8437,3169,3935.8473104708851,2013
SCOTLAND,Dumfries and Galloway,S12000006,UKM3200,19.922999999999998,62.246000000000002,82.168999999999997,10.273,92.441999999999993,106.9794222,237.48229709999998,344.46171930000003,537.92875829999991,882.39047760000005,5370,4147,3815,3234,4192,3360,52363,7529,9545,3477,5015.3128811042197,2013
SCOTLAND,Dundee City,S12000042,UKM2102,16.184999999999999,68.796999999999997,84.981999999999999,5.0659999999999998,90.048000000000002,74.957545499999995,238.88654530000002,313.8440908,413.9111886,727.75527939999995,4631,3912,3472,2978,3693,3061,81704,11796,8082,3135,4515.742313669065,2013
SCOTLAND,East Ayrshire,S12000008,UKM3301,3.7280000000000002,54.195999999999998,57.923999999999999,4.2240000000000002,62.148000000000003,17.5214301,183.86003219999998,201.38146229999998,242.37276459999998,443.75422689999999,4700,3146,3393,2980,3477,2985,57380,8948,7140,3056,3698.2620296402397,2013
SCOTLAND,East Dunbartonshire,S12000045,UKM3103,4.2619999999999996,42.567999999999998,46.83,2.4209999999999998,49.250999999999998,19.7104474,168.14698280000002,187.85743020000001,158.4223375,346.27976769999998,4625,3505,3950,3477,4011,3478,65437,9212,7031,3532,4259.6124937644554,2013
SCOTLAND,East Lothian,S12000010,UKM2301,7.2220000000000004,41.718000000000004,48.94,3.36,52.3,40.774167399999996,151.01801790000002,191.7921853,274.36950769999999,466.16169300000001,5646,4546,3620,3116,3919,3217,81658,9082,8913,3292,4390.6456961677577,2013
SCOTLAND,East Renfrewshire,S12000011,UKM3501,4.5940000000000003,35.082999999999998,39.677,1.6879999999999999,41.365000000000002,22.258590699999999,141.85813430000002,164.116725,69.818247499999998,233.93497249999999,4845,3868,4044,3524,4136,3551,41362,12323,5655,3606,4341.2529097450006,2013
SCOTLAND,Falkirk,S12000014,UKM2600,11.108000000000001,66.525999999999996,77.634,4.3310000000000004,81.965000000000003,58.548662499999999,232.92224519999999,291.4709077,419.11053229999999,710.58144000000004,5271,4150,3501,3093,3754,3167,96770,11166,8669,3230,4197.2683740621806,2013
SCOTLAND,Fife,S12000047,UKM2202,19.626000000000001,161.31399999999999,180.94,12.566000000000001,193.506,93.788230799999994,558.32817899999998,652.11640979999993,992.64450699999998,1644.7609167999999,4779,3559,3461,3032,3604,3063,78994,8949,8500,3126,4020.4464229346481,2013
SCOTLAND,Glasgow City,S12000049,UKM3400,70.543000000000006,259.435,329.97800000000001,23.588000000000001,353.56599999999997,256.264634,795.07893950000005,1051.3435735,1961.4273968,3012.7709703,3633,2834,3065,2616,3186,2645,83154,10952,8521,2725,3684.4517655758268,2013
SCOTLAND,Highland,S12000017,"UKM6101, UKM6102, UKM6201, UKM6202, UKM6304, UKM6305",36.801000000000002,102.158,138.959,15.242000000000001,154.20099999999999,264.4479058,404.83578469999998,669.28369050000003,951.6768419,1620.9605324000001,7186,6348,3963,3257,4816,3728,62438,8509,10512,3862,6408.0012494614393,2013
SCOTLAND,Inverclyde,S12000018,UKM3503,8.4749999999999996,33.838999999999999,42.314,2.544,44.857999999999997,37.954227299999999,115.6230118,153.57723909999999,192.8577549,346.43499400000002,4478,3437,3417,3027,3629,3078,75809,8755,7723,3132,4113.272065243591,2013
SCOTLAND,Midlothian,S12000019,UKM2302,2.552,35.512,38.064,2.5409999999999999,40.604999999999997,14.642487300000001,125.1266718,139.7691591,208.42004980000002,348.18920889999998,5738,3973,3524,3073,3672,3107,82023,9888,8575,3173,3881.5062651003914,2013
SCOTLAND,Moray,S12000020,"UKM6203, UKM6204",6.8140000000000001,39.976999999999997,46.790999999999997,4.3979999999999997,51.189,43.844028700000003,147.3901377,191.23416639999996,322.81892249999999,514.05308889999992,6434,5492,3687,3133,4087,3302,73401,7693,10042,3397,4682.635872572785,2013
SCOTLAND,Na h-Eileanan Siar,S12000013,UKM6400,5.4009999999999998,13.438000000000001,18.838999999999999,1.948,20.786999999999999,38.297122000000002,52.808950799999998,91.106072799999993,63.976851600000003,155.0829244,7091,6369,3930,3257,4836,3826,32842,6302,7461,3904,7049.3711544413491,2013
SCOTLAND,North Ayrshire,S12000021,"UKM3302, UKM6301",10.37,61.920999999999999,72.290999999999997,4.8230000000000004,77.114000000000004,53.600627200000005,207.09474259999999,260.69536980000004,476.15307569999999,736.84844550000003,5169,3834,3345,2937,3606,3005,98726,8449,9555,3070,4163.5981313784687,2013
SCOTLAND,North Lanarkshire,S12000050,UKM3600,20.736000000000001,136.095,156.83099999999999,8.67,165.501,96.490527700000001,477.93578289999999,574.42631060000008,832.6696422,1407.0959527999998,4653,3549,3512,3146,3663,3177,96040,11761,8502,3238,3892.9904346883181,2013
SCOTLAND,Orkney Islands,S12000023,UKM6500,6.01,8.2799999999999994,14.29,2.2799999999999998,16.57,46.941010399999996,32.815150699999997,79.7561611,60.2780433,140.03420439999999,7810,6982,3963,3166,5581,4356,26438,6671,8451,4505,8019.7245952740068,2013
SCOTLAND,Perth and Kinross,S12000048,UKM2701,16.21,63.701000000000001,79.911000000000001,8.1029999999999998,88.013999999999996,111.09614909999999,254.82193080000002,365.91807989999995,389.4210569,755.33913680000001,6854,5905,4000,3283,4579,3559,48059,8632,8582,3677,5576.6593498536931,2013
SCOTLAND,Renfrewshire,S12000038,UKM3502,14.045999999999999,76.661000000000001,90.706999999999994,5.093,95.8,52.936489799999997,257.8218923,310.75838210000001,518.4549346,829.21331670000006,3769,2925,3363,2955,3426,2952,101798,11763,8656,3021,3799.6060755376766,2013
SCOTLAND,Scottish Borders,S12000026,UKM2400,15.853,49.024999999999999,64.878,7.516,72.394000000000005,79.582052000000004,182.60120319999999,262.18325519999996,314.65819379999999,576.84144900000001,5020,3849,3725,3121,4041,3231,41865,5948,7968,3309,4953.0217856198278,2013
SCOTLAND,Shetland Islands,S12000027,UKM6600,8.51,8.7669999999999995,17.277000000000001,1.819,19.096,64.054183600000002,37.2750907,101.32927430000001,95.14514179999999,196.47441609999998,7527,6771,4252,3482,5865,4722,52306,7834,10289,4812,9997.9550370004945,2013
SCOTLAND,South Ayrshire,S12000028,UKM3700,7.4930000000000003,50.890999999999998,58.384,4.976,63.36,37.350468299999996,179.89801109999999,217.24847939999998,293.83318310000004,511.08166249999999,4985,3742,3535,3051,3721,3098,59050,9027,8066,3186,4205.8403879660809,2013
SCOTLAND,South Lanarkshire,S12000029,UKM3800,27.681999999999999,128.70099999999999,156.38300000000001,9.8469999999999995,166.23,156.8299303,473.9988232,630.82875349999995,646.18744745000004,1277.0162009000001,5665,4595,3683,3210,4034,3332,65623,10554,7682,3404,4469.8733321996187,2013
SCOTLAND,Stirling,S12000030,UKM2702,7.0940000000000003,36.356000000000002,43.45,4.3490000000000002,47.798999999999999,44.760729299999994,143.4578468,188.21857610000004,300.64155219999998,488.86012829999999,6310,4973,3946,3255,4332,3408,69129,9787,10227,3532,4945.8318294092933,2013
SCOTLAND,West Dunbartonshire,S12000039,UKM3102,6.2510000000000003,40.725999999999999,46.976999999999997,2.6960000000000002,49.673000000000002,22.887833499999999,131.43168499999999,154.31951849999999,195.21203449999999,349.53155299999997,3661,2759,3227,2862,3285,2854,72408,9934,7037,2908,3665.8079791909154,2013
SCOTLAND,West Lothian,S12000040,UKM2800,5.9160000000000004,72.613,78.528999999999996,5.141,83.67,29.387319100000003,266.62668339999999,296.0140025,567.66258689999995,863.67658940000001,4967,3897,3672,3243,3769,3273,110419,11720,10322,3345,3982.1618685679696,2013
NA,Scotland,S92000003,UKM,470.65600000000001,2294.6889999999999,2765.3449999999998,213.756,2979.1010000000001,2481.9875628999998,8170.6163541999995,10652.603917100003,15220.29661795,25872.900535000001,5273,4159,3561,3033,3852,3133,71204,9360,8685,3216,4437.9525572189305,2013
SCOTLAND,Aberdeen City,S12000033,UKM5001,15.853999999999999,108.489,124.343,8.4550000000000001,132.798,75.684307099999998,369.07715380000002,444.76146089999997,829.77443489999996,1274.5358960000001,4773.8303960000003,3849.35,3401.9776550000001,2749.5,3576.8918309999999,2820.4,98140.086920000002,16727.7,9597.5533950000008,2922.65,4224.2770797914263,2014
SCOTLAND,Aberdeenshire,S12000034,UKM5002,18.047999999999998,105.319,123.367,13.34,136.70699999999999,140.0606487,471.46084739999998,611.52149610000004,712.73384590000001,1324.2553419999999,7760.4526100000003,6831.3,4476.5032650000003,3722.4,4956.9292930000001,3934.5,53428.324280000001,8581.0499999999993,9686.8144429999993,4041.2,5642.3311844326954,2014
SCOTLAND,Angus,S12000041,UKM2101,10.852,50.768000000000001,61.62,5.4969999999999999,67.117000000000004,68.755907699999995,196.79714250000001,265.55305019999997,286.81321980000001,552.36626999999999,6335.7821320000003,5466.6,3876.4013260000002,3276.65,4309.5269429999998,3463.45,52176.31796,8408.5,8229.9010679999992,3553.6,5039.7223525392847,2014
SCOTLAND,Argyll and Bute,S12000035,"UKM3101, UKM6302, UKM6303",17.206,41.768999999999998,58.975000000000001,6.8760000000000003,65.850999999999999,128.2526106,160.25074230000001,288.50335289999998,240.35577240000001,528.85912529999996,7453.9469140000001,6509.7,3836.5951380000001,3060.7,4891.9602020000002,3607.4,34955.755149999997,7958.95,8031.1479749999999,3746.4,7061.2955650194581,2014
SCOTLAND,City of Edinburgh,S12000036,UKM2500,40.445,217.495,257.94,19.66,277.60000000000002,182.67442030000001,721.20268450000003,903.87710479999998,1377.7669370000001,2281.6440419999999,4516.6131859999996,3450.4,3315.95064,2726,3504.2145650000002,2790.4,70079.701790000006,9578.7000000000007,8219.1788259999994,2859.8,3943.0840715261024,2014
SCOTLAND,Clackmannanshire,S12000005,UKM2201,2.6269999999999998,22.245000000000001,24.872,1.3759999999999999,26.248000000000001,12.5494468,78.250132899999997,90.799579699999995,122.4794443,213.27902399999999,4777.1019409999999,3432,3517.6503889999999,3082,3650.6746419999999,3104.55,89011.224059999993,10034.299999999999,8125.5342879999998,3154.4,3910.9092346125685,2014
SCOTLAND,Dumfries and Galloway,S12000006,UKM3200,19.652999999999999,62.381999999999998,82.034999999999997,10.366,92.400999999999996,109.619696,242.22014899999999,351.83984500000003,531.50553260000004,883.34537760000001,5577.7589170000001,4109.3999999999996,3882.8532110000001,3239.95,4288.8991889999998,3351.1,51273.927510000001,7700.1,9559.9114470000004,3467.8,5112.613633061118,2014
SCOTLAND,Dundee City,S12000042,UKM2102,15.396000000000001,69.052000000000007,84.447999999999993,5.2530000000000001,89.700999999999993,74.252496899999997,237.75690270000001,312.00939959999999,418.79757610000001,730.80697569999995,4822.8433940000004,4037.3,3443.1573699999999,2957.1,3694.692587,3040.2,79725.409499999994,12380.6,8147.144131,3122.6,4482.2496710242785,2014
SCOTLAND,East Ayrshire,S12000008,UKM3301,3.6480000000000001,54.472999999999999,58.121000000000002,4.3639999999999999,62.484999999999999,17.98977,185.51168580000001,203.5014558,249.55628419999999,453.05774000000002,4931.40625,3106.7,3405.5713070000002,2986.4,3501.3412669999998,2989.8,57185.216359999999,9274.6,7250.6639990000003,3059.9,3740.766820462859,2014
SCOTLAND,East Dunbartonshire,S12000045,UKM3103,4.2130000000000001,42.901000000000003,47.113999999999997,2.4870000000000001,49.600999999999999,19.967724,169.60772499999999,189.57544899999999,164.64113620000001,354.2165852,4739.5499639999998,3448.5,3953.4678680000002,3457.7,4023.760432,3457.15,66200.698109999998,9777.9,7141.3194329999997,3510.5,4259.7395515009885,2014
SCOTLAND,East Lothian,S12000010,UKM2301,7.1349999999999998,41.518999999999998,48.654000000000003,3.411,52.064999999999998,41.271872700000003,153.1983578,194.47023050000001,273.19379049999998,467.66402099999999,5784.4250460000003,4532.2,3689.8373710000001,3132,3997.0039569999999,3229,80091.993690000003,9407.6,8982.3109769999992,3309.9,4421.6873308928853,2014
SCOTLAND,East Renfrewshire,S12000011,UKM3501,4.5919999999999996,35.311999999999998,39.904000000000003,1.7549999999999999,41.658999999999999,22.760602200000001,143.21216570000001,165.97276790000001,73.032063300000004,239.00483120000001,4956.5771340000001,3819.1,4055.6231790000002,3526.65,4159.3015210000003,3545.25,41613.711280000003,12657.6,5737.1715880000002,3600.8,4362.194278280067,2014
SCOTLAND,Falkirk,S12000014,UKM2600,10.948,67.367000000000004,78.314999999999998,4.4539999999999997,82.769000000000005,56.655308499999997,236.08614109999999,292.74144960000001,382.25862069999999,675.00007029999995,5174.9459720000004,3678.95,3504.4775800000002,3084.4,3737.9997400000002,3126.3,85823.668770000004,11213.3,8155.2280479999999,3192.2,4200.4426499074516,2014
SCOTLAND,Fife,S12000047,UKM2202,19.385000000000002,161.28,180.66499999999999,12.791,193.45599999999999,95.478526099999996,560.02287750000005,655.5014036,899.69784900000002,1555.199253,4925.3817950000002,3402.5,3472.3640719999999,3020.5,3628.2700220000002,3040.6,70338.351110000003,9060.2999999999993,8039.033437,3106.1,3997.9836519108549,2014
SCOTLAND,Glasgow City,S12000049,UKM3400,69.009,258.35300000000001,327.36200000000002,23.687999999999999,351.05,260.73289260000001,798.42133990000002,1059.154233,1787.9893139999999,2847.1435470000001,3778.2447590000002,2773.8,3090.4279799999999,2608.8000000000002,3235.4220479999999,2629.6,75480.805219999995,11273.7,8110.3647529999998,2710.5,3698.4612346661916,2014
SCOTLAND,Highland,S12000017,"UKM6101, UKM6102, UKM6201, UKM6202, UKM6304, UKM6305",36.344999999999999,103.11799999999999,139.46299999999999,15.718,155.18100000000001,273.45150519999999,415.67999170000002,689.1314969,927.86709610000003,1616.998593,7523.7723260000002,6658.9,4031.1099100000001,3298.85,4941.3213320000004,3776.4,59032.134879999998,8660.5499999999993,10420.08102,3913.2,6519.0140751672016,2014
SCOTLAND,Inverclyde,S12000018,UKM3503,8.3520000000000003,33.625999999999998,41.978000000000002,2.4670000000000001,44.445,38.563757699999996,114.79062070000001,153.3543784,170.2524435,323.6068219,4617.3081540000003,3313.95,3413.7459319999998,3015.75,3653.2083090000001,3050.2,69011.934940000006,8635.1,7281.0624799999996,3107.9,4102.1393751337473,2014
SCOTLAND,Midlothian,S12000019,UKM2302,2.5270000000000001,35.738999999999997,38.265999999999998,2.5680000000000001,40.834000000000003,14.8369748,127.80310710000001,142.64008190000001,196.89860049999999,339.53868240000003,5871.379027,3919.6,3576.0123979999998,3092.8,3727.5932130000001,3114.9,76673.909849999996,10275.6,8315.0972820000006,3177.75,3897.0570433309663,2014
SCOTLAND,Moray,S12000020,"UKM6203, UKM6204",6.7380000000000004,40.277000000000001,47.015000000000001,4.5359999999999996,51.551000000000002,45.783716200000001,151.9550227,197.73873889999999,324.08931489999998,521.82805380000002,6794.8525079999999,5826.7,3772.7492790000001,3189.8,4205.8649130000003,3361.8,71448.261660000004,8337.1,10122.559289999999,3459.3,4789.2544782987798,2014
SCOTLAND,Na h-Eileanan Siar,S12000013,UKM6400,5.335,13.438000000000001,18.773,2.0019999999999998,20.774999999999999,39.125270100000002,53.855887500000001,92.981157600000003,66.6487853,159.6299429,7333.6963640000004,6498.4,4007.7308750000002,3312.85,4952.9194909999997,3865.5,33291.101549999999,6308.35,7683.7517639999996,3948.4,7196.6840247678019,2014
SCOTLAND,North Ayrshire,S12000021,"UKM3302, UKM6301",10.237,62.015999999999998,72.253,4.8419999999999996,77.094999999999999,55.401738000000002,207.30106219999999,262.70280020000001,451.4425157,714.14531590000001,5411.9114980000004,3831,3342.702886,2928.7,3635.8739460000002,2985.7,93234.720300000001,8591.7000000000007,9263.1858859999993,3050.9,4183.0323906881949,2014
SCOTLAND,North Lanarkshire,S12000050,UKM3600,20.510999999999999,136.63999999999999,157.15100000000001,8.8520000000000003,166.00299999999999,97.494829300000006,480.64604029999998,578.14086959999997,818.28155140000001,1396.422421,4753.2947830000003,3393.7,3517.6086089999999,3131.9,3678.8876279999999,3148.7,92440.301789999998,12362.45,8412.031234,3215.4,3890.3227885068295,2014
SCOTLAND,Orkney Islands,S12000023,UKM6500,6.0129999999999999,8.327,14.34,2.3069999999999999,16.646999999999998,48.171503700000002,34.0601062,82.231609899999995,61.903114799999997,144.13472469999999,8011.2262929999997,7193.7,4090.3213879999998,3226.7,5734.4218899999996,4501.3500000000004,26832.732899999999,6715.5,8658.3002759999999,4652.3,8188.7681637124078,2014
SCOTLAND,Perth and Kinross,S12000048,UKM2701,15.587999999999999,64.230999999999995,79.819000000000003,8.4060000000000006,88.224999999999994,112.2549523,257.23141049999998,369.48636279999999,504.26352639999999,873.74988919999998,7201.3697910000001,6164.1,4004.7860150000001,3261.8,4629.0527670000001,3526.6,59988.523249999998,8780.2000000000007,9903.6541710000001,3647.7,5595.3110138562888,2014
SCOTLAND,Renfrewshire,S12000038,UKM3502,13.813000000000001,76.055999999999997,89.869,5.0650000000000004,94.933999999999997,52.4419982,257.07012780000002,309.51212600000002,391.99453949999997,701.50666550000005,3796.5683199999999,2708.4,3380.0111470000002,2939.95,3444.0366090000002,2919.1,77392.801479999995,11615.7,7389.4143880000001,2986.25,3756.8990228803791,2014
SCOTLAND,Scottish Borders,S12000026,UKM2400,15.645,48.801000000000002,64.445999999999998,7.6390000000000002,72.084999999999994,81.050592699999996,184.85131440000001,265.90190710000002,297.46789749999999,563.36980459999995,5180.6067560000001,3801.3,3787.8591500000002,3117.7,4125.9644829999997,3209.05,38940.68563,6108,7815.3541599999999,3291.4,5002.1992794928237,2014
SCOTLAND,Shetland Islands,S12000027,UKM6600,8.5180000000000007,8.8580000000000005,17.376000000000001,1.853,19.228999999999999,65.526662099999996,37.7302222,103.2568843,98.537622299999995,201.79450660000001,7692.7285869999996,7040.9,4259.4515920000003,3480.15,5942.5002480000003,4785.3,53177.346089999999,8004.8,10494.27982,4871.3999999999996,10157.080887271295,2014
SCOTLAND,South Ayrshire,S12000028,UKM3700,7.3319999999999999,50.744999999999997,58.076999999999998,5.008,63.085000000000001,37.220569900000001,181.3789238,218.59949370000001,283.08739919999999,501.68689289999998,5076.4552510000003,3569.9,3574.3210920000001,3071.5,3763.9598070000002,3101.9,56527.03658,9252.65,7952.5543770000004,3190.5,4214.0473782627141,2014
SCOTLAND,South Lanarkshire,S12000029,UKM3800,26.824000000000002,128.04400000000001,154.86799999999999,9.9320000000000004,164.8,148.62842219999999,474.13309320000002,622.76151540000001,609.60977300000002,1232.371288,5540.8746719999999,4095.2,3702.8919219999998,3196.35,4021.240769,3270.9,61378.350079999997,10836.65,7477.981119,3341.35,4376.8291708249581,2014
SCOTLAND,Stirling,S12000030,UKM2702,6.9669999999999996,36.718000000000004,43.685000000000002,4.3869999999999996,48.072000000000003,46.027618699999998,145.25010610000001,191.27772479999999,267.02619399999998,458.30391880000002,6606.5191189999996,5105.8,3955.8283700000002,3254.9,4378.5675819999997,3399.2,60867.607479999999,9766.2000000000007,9533.6977619999998,3525.4,4992.8928425998429,2014
SCOTLAND,West Dunbartonshire,S12000039,UKM3102,6.1989999999999998,41.075000000000003,47.274000000000001,2.927,50.201000000000001,23.304719899999998,132.3184096,155.6231295,196.20497449999999,351.828104,3759.4321500000001,2663.2,3221.3855050000002,2846.2,3291.9391099999998,2829.6,67032.789380000002,9822.9,7008.3883589999996,2888,3674.429898708474,2014
SCOTLAND,West Lothian,S12000040,UKM2800,5.8810000000000002,72.561000000000007,78.441999999999993,5.2229999999999999,83.665000000000006,30.0432527,267.90106759999998,297.94432030000002,543.20313069999997,841.14745100000005,5108.5279200000004,3745.1,3692.0806990000001,3239.1,3798.2754180000002,3261.1,104002.1311,11574.6,10053.75547,3332.1,3970.7379263010598,2014
NA,Scotland,S92000003,UKM,461.83600000000001,2298.9940000000001,2760.83,217.505,2978.335,2516.034314,8247.0325620000003,10763.06688,14559.374299999999,25322.441180000002,5447.8956029999999,4127.8,3587.235357,3032.8,3898.48954,3123.1,66938.113150000005,9580.9,8502.2138799999993,3209,4454.8859733428699,2014
Scotland,Clackmannanshire,S12000005,UKM2201,2.56,22.724,25.283999999999999,1.4179999999999999,26.702000000000002,12.138476000000001,79.475424349999997,91.613900349999994,220.25061356000001,311.86451391000003,4741.5921875000004,3408.5,3497.4223001999999,3030.7,3623.3942553000002,3054.05,155324.83326000001,9987.4500000000007,11679.444008,3110.75,3926.3661059000001,2015
Scotland,Dumfries and Galloway,S12000006,UKM3200,19.202000000000002,63.298999999999999,82.501000000000005,10.657,93.158000000000001,104.92467114999999,247.86406980000001,352.78874094999998,551.99088928000003,904.77963022999995,5464.2574289000004,4032.9,3915.7659647,3230.2,4276.1753306000001,3329.1,51796.086072999999,7490.2,9712.3127399999994,3444.95,5112.9544044000004,2015
Scotland,East Ayrshire,S12000008,UKM3301,3.488,55.375,58.863,4.4119999999999999,63.274999999999999,16.42700915,187.52559625000001,203.95260540000001,256.31373055,460.26633594999998,4709.5783113999996,2951.35,3386.4667494,2937.9,3464.8693644999998,2938.3,58094.680542000002,8761.85,7274.0629940999997,3008.9,3737.4492467999999,2015
Scotland,East Lothian,S12000010,UKM2301,7.0090000000000003,42.505000000000003,49.514000000000003,3.56,53.073999999999998,40.220293099999999,157.2018411,197.42213419999999,270.94073420000001,468.36286840000002,5738.3782423000002,4339.3,3698.4317397999998,3114,3987.1982509999998,3197.8,76106.947809000005,8932.2000000000007,8824.7139540999997,3281.7,4448.0473639000002,2015
Scotland,East Renfrewshire,S12000011,UKM3501,4.5069999999999997,35.837000000000003,40.344000000000001,1.7869999999999999,42.131,22.3652023,143.0107629,165.3759652,81.831210049999996,247.20717525000001,4962.3257820999997,3753.9,3990.5896950000001,3449.25,4099.1464704,3465.25,45792.507022999998,12871.7,5867.5838516000003,3521.5,4321.295145,2015
Scotland,Na h-Eileanan Siar,S12000013,UKM6400,5.2439999999999998,13.53,18.774000000000001,2.0099999999999998,20.783999999999999,36.711461200000002,54.551086900000001,91.262548100000004,63.413813500000003,154.67636160000001,7000.6600305000002,6203.9,4031.8615595000001,3250.85,4861.1136732000004,3758.4,31549.160945,5982.1,7442.0882216999998,3833.6,7037.5191316999999,2015
Scotland,Falkirk,S12000014,UKM2600,10.631,68.748999999999995,79.38,4.6040000000000001,83.983999999999995,52.902117750000002,240.855121,293.75723875,436.55588039999998,730.31311915000003,4976.2127504,3536.4,3503.3981730999999,3054.8,3700.6454868999999,3088.8,94820.999217999997,10887,8695.8601536999995,3150.85,4170.8514538999998,2015
Scotland,Highland,S12000017,"UKM6101, UKM6102, UKM6201, UKM6202, UKM6304, UKM6305",35.585000000000001,104.43,140.01499999999999,15.775,155.79,255.17381829999999,414.79904384999998,669.97286214999997,917.54653580000002,1587.5193979000001,7170.8253000000004,6273.2,3972.0295302999998,3228,4785.0077645000001,3652,58164.598148999998,8485,10190.123872,3788.65,6271.1577040000002,2015
Scotland,Inverclyde,S12000018,UKM3503,8.1549999999999994,34.383000000000003,42.537999999999997,2.5870000000000002,45.125,35.941811950000002,116.49470445,152.43651639999999,193.05292944999999,345.48944584999998,4407.3343899000001,3266.4,3388.1483422000001,2977.8,3583.5374582999998,3011.5,74624.247950999998,8611.7999999999993,7656.2758082999999,3068.3,4073.0111793999999,2015
Scotland,Midlothian,S12000019,UKM2302,2.4409999999999998,37.143999999999998,39.585000000000001,2.6890000000000001,42.274000000000001,14.473036799999999,131.8202512,146.29328799999999,212.38998315000001,358.68327115,5929.1424826000002,3855.2,3548.8975661999998,3052.6,3695.6748262999999,3072,78984.746429999999,9940.7000000000007,8484.7251538,3140.95,3946.5129353000002,2015
Scotland,Moray,S12000020,"UKM6203, UKM6204",6.61,40.637999999999998,47.247999999999998,4.5389999999999997,51.786999999999999,43.333359549999997,149.09468459999999,192.42804415000001,323.37484480000001,515.80288895000001,6555.7276172000002,5545.5,3668.8489739000001,3085.65,4072.7235894,3248,71243.631813,8057.3,9960.0843638000006,3343.4,4621.1196693000002,2015
Scotland,North Ayrshire,S12000021,"UKM3302, UKM6301",10.018000000000001,62.761000000000003,72.778999999999996,4.9429999999999996,77.721999999999994,51.854740100000001,208.5431858,260.39792590000002,453.61212510000001,714.01005099999998,5176.1569275000002,3683.25,3322.8148977999999,2880.5,3577.9266808000002,2937.3,91768.586911000006,8367.7999999999993,9186.7174159000006,3005.2,4120.9375983,2015
Scotland,Orkney Islands,S12000023,UKM6500,6.0279999999999996,8.4109999999999996,14.439,2.2789999999999999,16.718,46.600511699999998,35.142065500000001,81.742577199999999,59.997951550000003,141.74052875000001,7730.6754645000001,6978.6,4178.1078944000001,3246.4,5661.2353487,4398.5,26326.437714,6588.4,8478.3185040000008,4545.7,8056.6309087,2015
Scotland,Scottish Borders,S12000026,UKM2400,15.423,49.902999999999999,65.325999999999993,7.742,73.067999999999998,76.902159949999998,190.53475864999999,267.43691860000001,321.22917274999998,588.66609134999999,4986.1998282000004,3664.7,3818.1022914,3104.5,4093.8817408,3186.65,41491.755716,6082.55,8056.4144543000002,3278.45,5012.7817397999997,2015
Scotland,Shetland Islands,S12000027,UKM6600,8.4990000000000006,8.9160000000000004,17.414999999999999,1.86,19.274999999999999,64.348685799999998,38.101392199999999,102.450078,99.657795550000003,202.10787354999999,7571.3243676000002,6907.3,4273.3728354000004,3425.9,5882.8640826999999,4749.6000000000004,53579.459972999997,7854.3,10485.492791000001,4827.8,10009.778017000001,2015
Scotland,South Ayrshire,S12000028,UKM3700,7.1340000000000003,51.441000000000003,58.575000000000003,5.1260000000000003,63.701000000000001,35.378038699999998,182.73340379999999,218.11144250000001,286.76647624999998,504.87791874999999,4959.0746706,3506.3,3552.291048,3009.8,3723.6268458999998,3037.7,55943.518581999997,8670.7999999999993,7925.7455731,3131.8,4201.5611515999999,2015
Scotland,South Lanarkshire,S12000029,UKM3800,25.954000000000001,131.797,157.751,10.257,168.00800000000001,137.76907555,486.31103400000001,624.08010954999997,643.38791690000005,1267.4680265,5308.2020323999996,3894.45,3689.8490406000001,3148.6,3956.1087381000002,3206.4,62726.715111999998,10286,7544.0932959000002,3278,4354.6650307,2015
Scotland,Stirling,S12000030,UKM2702,6.8140000000000001,37.439,44.253,4.524,48.777000000000001,43.281886499999999,145.91553930000001,189.19742579999999,285.66726691999997,474.86469271999999,6351.9058556,4941.3999999999996,3897.4208526000002,3196.2,4275.3581858999996,3315,63144.842378000001,9717.35,9735.4222835,3444.1,4893.2477900000004,2015
Scotland,Aberdeen City,S12000033,UKM5001,15.388,109.843,125.23099999999999,8.3800000000000008,133.61099999999999,68.532480500000005,358.77266509999998,427.3051456,806.76569825000001,1234.0708439,4453.6314335999996,3497.2,3266.2314858,2636.2,3412.1355383,2691.7,96272.756353999997,15205.4,9236.2967408999993,2795.5,4057.5547246000001,2015
Scotland,Aberdeenshire,S12000034,UKM5002,17.346,107.08199999999999,124.428,13.188000000000001,137.61600000000001,129.27265735,468.32568435000002,597.59834169999999,673.48864945000003,1271.0869911,7452.5917993000003,6471.2,4373.5238822000001,3617.4,4802.7641825000001,3797.9,51068.293103999997,8366.65,9236.4767988000003,3907.5,5450.9978172000001,2015
Scotland,Argyll and Bute,S12000035,"UKM3101, UKM6302, UKM6303",16.917000000000002,42.206000000000003,59.122999999999998,7.0030000000000001,66.126000000000005,119.4759397,158.85643275000001,278.33237244999998,236.32708364999999,514.65945610000006,7062.4779630000003,6116.6,3763.8353019000001,2986.75,4707.6835148999999,3484.1,33746.549142999997,7615.5,7783.0120693999997,3627.5,6798.8756765999997,2015
Scotland,City of Edinburgh,S12000036,UKM2500,40.079000000000001,222.21799999999999,262.29700000000003,20.638999999999999,282.93599999999998,177.20636395,728.78528004999998,905.99164399999995,1526.214661,2432.2063050000002,4421.4267809000003,3458.2,3279.5960725999998,2680.4,3454.0678849000001,2745,73948.091524000003,8932,8596.3126112000009,2815.4,3945.0975136000002,2015
Scotland,Renfrewshire,S12000038,UKM3502,13.478999999999999,78.117000000000004,91.596000000000004,5.3780000000000001,96.974000000000004,48.3066441,259.65205355000001,307.95869764999998,494.02245549999998,801.98115314999995,3583.844803,2574.8000000000002,3323.8866514000001,2885,3362.1413342000001,2859.5,91859.883879000001,11687.05,8270.0636577999994,2925.95,3699.4257631,2015
Scotland,West Dunbartonshire,S12000039,UKM3102,6.0229999999999997,41.506,47.529000000000003,3.0270000000000001,50.555999999999997,21.296391750000002,133.1637217,154.46011344999999,202.88453835000001,357.34465180000001,3535.8445541999999,2519.4,3208.3005275999999,2799.3,3249.8077689000002,2780.2,67024.954855999997,9083.7999999999993,7068.2936110000001,2835.1,3628.2942248999998,2015
Scotland,West Lothian,S12000040,UKM2800,5.7569999999999997,74.617999999999995,80.375,5.4260000000000002,85.801000000000002,28.96491185,273.02950344999999,301.99441530000001,567.89236104999998,869.88677634999999,5031.2509726999997,3819.4,3659.0300390000002,3178.95,3757.3177642000001,3200.2,104661.32713999999,11424.1,10138.422353,3272.5,3985.0415045999998,2015
Scotland,Angus,S12000041,UKM2101,10.412000000000001,51.015999999999998,61.427999999999997,5.4989999999999997,66.927000000000007,62.25272125,194.66935849999999,256.92207975000002,284.58365620000001,541.50573595000003,5978.939805,5110.1000000000004,3815.8491159999999,3203.1,4182.4913679000001,3357.75,51751.892379999998,8610.7000000000007,8090.9907205,3456.2,4834.6332420999997,2015
Scotland,Dundee City,S12000042,UKM2102,14.728,69.399000000000001,84.126999999999995,5.2389999999999999,89.366,68.231682149999997,234.08022535000001,302.31190750000002,411.62145865000002,713.93336614999998,4632.7866750000003,3885.6,3372.9625117000001,2878.5,3593.5182224,2950,78568.707511000001,11466.4,7988.8701088999997,3029,4347.6846937999999,2015
Scotland,East Dunbartonshire,S12000045,UKM3103,4.1609999999999996,43.563000000000002,47.723999999999997,2.5430000000000001,50.267000000000003,18.9896557,169.51291320000001,188.5025689,172.21423965,360.71680855,4563.7240327,3324,3891.2130293999999,3374.4,3949.8484807999998,3372.4,67720.896441000004,9336.1,7176.0162442999999,3424.7,4188.2014064000005,2015
Scotland,Fife,S12000047,UKM2202,18.913,164.244,183.15700000000001,13.096,196.25299999999999,91.050236049999995,571.39813130000005,662.44836735000001,967.95456715,1630.4029344999999,4814.1614788999996,3303.5,3478.9589348999998,2992.15,3616.8334672000001,3008.5,73912.230234000002,8692,8307.6586573999994,3070.4,4022.0294911999999,2015
Scotland,Perth and Kinross,S12000048,UKM2701,14.996,64.989999999999995,79.986000000000004,8.3580000000000005,88.343999999999994,102.45237175,255.29398345000001,357.74635519999998,390.23338819999998,747.97974339999996,6831.9799780000003,5831.5,3928.2040845000001,3190.85,4472.6121470999997,3423.4,46689.804762,8555.65,8466.6728175999997,3544.8,5376.0065398999996,2015
Scotland,Glasgow City,S12000049,UKM3400,66.45,264.90499999999997,331.35500000000002,24.442,355.79700000000003,242.87261104999999,811.83208624999997,1054.7046972999999,1954.0143814999999,3008.7190787999998,3654.9678110999998,2743,3064.6159425000001,2569.3000000000002,3183.0052279000001,2590,79944.946463999993,10940.75,8456.2800664000006,2672.8,3663.9247184000001,2015
Scotland,North Lanarkshire,S12000050,UKM3600,19.942,139.31299999999999,159.255,9.1319999999999997,168.387,93.142952199999996,483.86692095000001,577.00987314999998,823.01861544999997,1400.0284885999999,4670.6926186000001,3338.15,3473.2359575,3067.4,3623.1821491000001,3086.7,90124.684127,12083.75,8314.3502086999997,3149.7,3865.2340748000001,2015
NA,Scotland,S92000003,UKM,449.89299999999997,2342.3020000000001,2792.1950000000002,222.119,3014.3139999999999,2362.7939749000002,8311.2129256000007,10674.0069,15189.215624,25863.222524000001,5251.9020631000003,3997.1,3548.3097079999998,2978.4,3822.8013805000001,3059.8,68383.234318999996,9251.5,8580.1354883000004,3144.9,4392.6984708999998,2015
NA,NA,Scotland - Scottish Government estimates 2019. https://www.nrscotland.gov.uk/files//statistics/household-estimates/2019/house-est-19-all-tabs.zip,NA,NA,NA,NA,NA,NA,NA,NA,NA,NA,NA,NA,NA,NA,NA,NA,NA,NA,NA,NA,NA,NA,2015
Scotland,Clackmannanshire,S12000005,UKM2201,2.42,22.95,25.37,1.417,26.786999999999999,10.683619341,76.816884810000005,87.500504151000001,224.00338696,311.50389110999998,4414.7187358000001,3165.15,3347.1409503,2903.1,3448.9753310999999,2919.45,158082.84189000001,8963.2999999999993,11628.920413,2977.4,3739.1779903000001,2016
Scotland,Dumfries and Galloway,S12000006,UKM3200,18.556999999999999,63.875999999999998,82.433000000000007,10.644,93.076999999999998,95.949255585000003,237.30412533000001,333.25338090999998,536.15521782999997,869.40859874,5170.5154705000004,3854,3715.0749159000002,3091.65,4042.7180973,3179.3,50371.591303000001,7141.35,9340.7458205000003,3291.1,4815.6611211999998,2016
Scotland,East Ayrshire,S12000008,UKM3301,3.36,55.64,59,4.423,63.423000000000002,14.892469612999999,179.70550413999999,194.59797374999999,238.57175486,433.16972860999999,4432.2826230000001,2793.1,3229.7897939999998,2803.3,3298.2707415999998,2803.05,53938.900034999999,8100.2,6829.8523974999998,2870,3554.4307327000001,2016
Scotland,East Lothian,S12000010,UKM2301,6.8529999999999998,43.194000000000003,50.046999999999997,3.5489999999999999,53.595999999999997,36.057186207999997,151.65260358,187.70978979,274.33585520000003,462.04564499000003,5261.5184894000004,4158.2,3510.9645688000001,2967.1,3750.6701659,3051.1,77299.480192000003,8565,8620.8979213000002,3122.85,4194.7259110000005,2016
Scotland,East Renfrewshire,S12000011,UKM3501,4.4320000000000004,36.222999999999999,40.655000000000001,1.8149999999999999,42.47,21.194234120000001,137.59752018,158.79175430000001,78.029747294000003,236.82150159,4782.0925360000001,3717.2,3798.6229791999999,3304.1,3905.8357962,3329.9,42991.596304999999,11291.7,5576.2067716000001,3382.25,4115.8019309000001,2016
Scotland,Na h-Eileanan Siar,S12000013,UKM6400,5.1150000000000002,13.599,18.713999999999999,2.0059999999999998,20.72,34.576986832999999,52.682945856000003,87.259932688999996,62.773215681000003,150.03314836999999,6759.9192245000004,5968.3,3874.030874,3132.3,4662.8156829,3584.75,31292.729652000002,6030.05,7240.9820642000004,3664.15,6737.6984548999999,2016
Scotland,Falkirk,S12000014,UKM2600,10.185,69.551000000000002,79.736000000000004,4.6289999999999996,84.364999999999995,45.865013955999999,230.79110297,276.65611693,430.48268892999999,707.13880586000005,4503.1923373,3260.2,3318.3002827999999,2898.6,3469.6513109000002,2919.75,92996.908389000004,9934.6,8381.8977758000001,2980.2,3892.6175840000001,2016
Scotland,Highland,S12000017,"UKM6101, UKM6102, UKM6201, UKM6202, UKM6304, UKM6305",34.581000000000003,105.611,140.19200000000001,15.904999999999999,156.09700000000001,242.63597838999999,409.91090516000003,652.54688354999996,903.54761086999997,1556.0944944,7016.4534973999998,6106.8,3881.3277514000001,3132,4654.6656267999997,3521.2,56809.029290999999,8323.7000000000007,9968.7661800999995,3651.9,6066.0842734999997,2016
Scotland,Inverclyde,S12000018,UKM3503,7.7679999999999998,34.606000000000002,42.374000000000002,2.61,44.984000000000002,30.165312112999999,110.8651991,141.03051120999999,176.20005648,317.23056768999999,3883.2791081999999,2854.75,3203.6409610000001,2812.35,3328.2321992000002,2818,67509.600183000002,7949.3,7052.0755755,2877.6,3752.2085673000001,2016
Scotland,Midlothian,S12000019,UKM2302,2.3610000000000002,37.83,40.191000000000003,2.6960000000000002,42.887,12.976353398000001,127.22372827,140.20008167,207.82407726,348.02415893,5496.1259626000001,3818.4,3363.0380193000001,2910.85,3488.3451934,2932.4,77086.082068999996,9295.9500000000007,8114.9103206999998,3002.3,3712.3360077000002,2016
Scotland,Moray,S12000020,"UKM6203, UKM6204",6.391,41.115000000000002,47.506,4.5650000000000004,52.070999999999998,40.686009626000001,146.33462637,187.020636,308.51430375000001,495.53493974000003,6366.1413904000001,5446.9,3559.1542349000001,2980.2,3936.7792699000001,3131.55,67582.541893999994,8044.2,9516.5243559999999,3228.3,4457.0109386000004,2016
Scotland,North Ayrshire,S12000021,"UKM3302, UKM6301",9.6780000000000008,63.101999999999997,72.78,4.9379999999999997,77.718000000000004,48.696824339999999,199.51693126000001,248.21375560000001,412.69136150999998,660.90511710999999,5031.7032796000003,3583.45,3161.8162855999999,2743.1,3410.4665512000001,2800.6,83574.597309000004,7890.05,8503.8873504999992,2868.85,3912.5749621,2016
Scotland,Orkney Islands,S12000023,UKM6500,6.0359999999999996,8.5030000000000001,14.539,2.2930000000000001,16.832000000000001,45.175251431,34.870842027999998,80.046093459000005,54.067758409,134.11385186999999,7484.3027553000002,6703.35,4101.0045898999997,3203.6,5505.6120406,4314.6000000000004,23579.484697,6277.2,7967.7906290000001,4442.95,7804.8063044999999,2016
Scotland,Scottish Borders,S12000026,UKM2400,14.91,50.426000000000002,65.335999999999999,7.7439999999999998,73.08,70.488458295000001,183.23462946000001,253.72308776,311.07786950000002,564.80095726000002,4727.5961298000002,3517.5,3633.7331826,2954.85,3883.3581448999998,3025.75,40170.179429999997,6059.25,7728.5297928,3118.1,4717.1823629999999,2016
Scotland,Shetland Islands,S12000027,UKM6600,8.4740000000000002,8.99,17.463999999999999,1.877,19.341000000000001,62.865431800000003,36.961760233,99.827192033000003,89.858403855000006,189.68559589,7418.6254189000001,6698.65,4111.4305043000004,3248.05,5716.1699515,4594.3,47873.417077999999,7829,9807.4347701000006,4688.1000000000004,9707.9832766,2016
Scotland,South Ayrshire,S12000028,UKM3700,6.8289999999999997,51.869,58.698,5.2130000000000001,63.911000000000001,31.344285375999998,174.57747644,205.92176182,271.95535586,477.87711768000003,4589.8792467000003,3297.8,3365.7382336999999,2856.5,3508.1563566,2880.7,52168.685183000001,7929.6,7477.2279839000003,2967,3965.9064733999999,2016
Scotland,South Lanarkshire,S12000029,UKM3800,24.709,133.83799999999999,158.547,10.292999999999999,168.84,120.21951515000001,468.15418511000001,588.37370026999997,578.14926489000004,1166.5229652,4865.4140254000004,3576.8,3497.9167733999998,2988.6,3711.0364767000001,3034.9,56169.169814000001,9492.1,6909.0438590000003,3102,4081.7333592,2016
Scotland,Stirling,S12000030,UKM2702,6.6029999999999998,37.86,44.463000000000001,4.5229999999999997,48.985999999999997,40.946604354000002,141.82705429999999,182.77365864999999,291.25872052,474.03237917000001,6201.2122299000002,4778.5,3746.0922952000001,3041.15,4110.6911061000001,3162.5,64395.029963000001,9423.2999999999993,9676.8950143000002,3282.4,4692.3996470000002,2016
Scotland,Aberdeen City,S12000033,UKM5001,14.949,111.075,126.024,8.4610000000000003,134.48500000000001,63.662891588000001,341.51000676000001,405.17289835000003,746.17944010999997,1151.3523385000001,4258.6722582000002,3308.6,3074.5893024000002,2493.6,3215.0455338000002,2543.1999999999998,88190.455042000001,13433.8,8561.1952148,2640,3795.5662192999998,2016
Scotland,Aberdeenshire,S12000034,UKM5002,16.815000000000001,108.294,125.10899999999999,13.243,138.352,121.05192516,454.19910428999998,575.25102946000004,653.60941677999995,1228.8604462000001,7199.0440181000004,6255.9,4194.1299083000004,3464.9,4597.9987806999998,3637.5,49355.086972999998,7878.6,8882.1299744999997,3740.95,5215.5203222,2016
Scotland,Argyll and Bute,S12000035,"UKM3101, UKM6302, UKM6303",16.594000000000001,42.539000000000001,59.133000000000003,7.0330000000000004,66.165999999999997,116.43923586,156.53087638,272.97011223999999,226.17791377,499.14802600000002,7016.9480450999999,6024.45,3679.7027757999999,2900.4,4616.206048,3383,32159.521366000001,7281.2,7543.8748905000002,3511.9,6651.3185242999998,2016
Scotland,City of Edinburgh,S12000036,UKM2500,39.073,225.18600000000001,264.25900000000001,20.574999999999999,284.834,162.59153728999999,701.46705483999995,864.05859212999997,1459.9263277,2323.9849198000002,4161.2248175000004,3316.8,3115.0562417000001,2559.1999999999998,3269.7413981,2621.7,70956.322123000005,8564.2000000000007,8159.0853613999998,2689.75,3734.3218479000002,2016
Scotland,Renfrewshire,S12000038,UKM3502,12.939,79.177000000000007,92.116,5.43,97.546000000000006,42.634322836999999,249.10827548,291.74259831000001,478.54878272000002,770.29138103000003,3295.0245642,2409.1999999999998,3146.2201835999999,2734.2,3167.1218715,2707.6,88130.530887000001,10328.049999999999,7896.6987988000001,2769.2,3472.0928094999999,2016
Scotland,West Dunbartonshire,S12000039,UKM3102,5.819,41.707000000000001,47.526000000000003,3.036,50.561999999999998,19.485350815,126.37772111,145.86307192000001,193.89846745,339.76153936999998,3348.5737780999998,2405.4,3030.1321386999998,2663.2,3069.1215738999999,2647,63866.425378,8846.6,6719.7013442999996,2698.8,3419.4404651999998,2016
Scotland,West Lothian,S12000040,UKM2800,5.5369999999999999,75.393000000000001,80.930000000000007,5.4779999999999998,86.408000000000001,25.870821135,262.04449656000003,287.91531768999999,542.20630211000002,830.12161979999996,4672.3534649000003,3551.7,3475.7138799999998,3032.5,3557.5845506999999,3052.1,98978.879539000001,10773,9606.9995811000008,3120.6,3757.2141157999999,2016
Scotland,Angus,S12000041,UKM2101,10.000999999999999,51.408000000000001,61.408999999999999,5.5069999999999997,66.915999999999997,58.285279320999997,189.46193658000001,247.74721589999999,266.44511122,514.19232711999996,5827.9451375999997,4909.7,3685.4562826000001,3073.4,4034.3795844000001,3216.1,48382.987329000003,8051.8,7684.1462000000001,3308.2,4645.2893311999997,2016
Scotland,Dundee City,S12000042,UKM2102,14.022,69.765000000000001,83.787000000000006,5.2789999999999999,89.066000000000003,64.312903554000002,227.28100728999999,291.59391084999999,385.40238126999998,676.99629212000002,4586.5713560000004,3788.45,3257.8084611999998,2783.9,3480.1808258000001,2856.7,73006.702267999994,10908,7601.0631679999997,2930.9,4187.4619206999996,2016
Scotland,East Dunbartonshire,S12000045,UKM3103,4.0640000000000001,43.94,48.003999999999998,2.6030000000000002,50.606999999999999,17.836802029000001,161.31574785999999,179.15254988999999,167.15186385999999,346.30441374999998,4388.9768772999996,3301.55,3671.2732786000001,3205.9,3732.0337865000001,3211.55,64215.084081000001,8174.2,6843.0140841000002,3260.6,3950.4421143999998,2016
Scotland,Fife,S12000047,UKM2202,18.193000000000001,165.858,184.05099999999999,13.154999999999999,197.20599999999999,81.814422387999997,548.07357979999995,629.88800217999994,941.34869113000002,1571.2366933000001,4497.0275594000004,3130.8,3304.4747904999999,2849.6,3422.3557719999999,2864.6,71558.243340000001,8172.8,7967.4892920000002,2927.4,3798.3272459999998,2016
Scotland,Perth and Kinross,S12000048,UKM2701,14.621,65.521000000000001,80.141999999999996,8.5,88.641999999999996,98.262205101999996,250.6068277,348.86903280000001,378.93179671000001,727.80082950999997,6720.6213735000001,5755.3,3824.8321560999998,3083.7,4353.1360934000004,3306,44580.211378,8586.4,8210.5641739999992,3424.7,5199.1629454000004,2016
Scotland,Glasgow City,S12000049,UKM3400,63.363999999999997,267.00400000000002,330.36799999999999,24.666,355.03399999999999,218.36165058,774.06086806999997,992.42251865000003,1800.0587339000001,2792.4812525000002,3446.1468748000002,2646.6,2899.0609432000001,2454.6999999999998,3003.9910604000002,2475.6,72977.326434999995,9906.65,7865.3910681999996,2548.6999999999998,3429.2534482000001,2016
Scotland,North Lanarkshire,S12000050,UKM3600,19.074000000000002,140.923,159.99700000000001,9.1839999999999993,169.18100000000001,82.390356155000006,466.50157148,548.89192763000005,788.25370491000001,1337.1456324999999,4319.5111751000004,3155.7,3310.3295521,2932.1,3430.6388722000002,2945.4,85829.018391999998,10450.6,7903.6394898999997,3003.4,3650.4211621999998,2016
NA,Scotland,S92000003,UKM,434.327,2366.5729999999999,2800.9,223.29,3024.19,2178.4184937999999,8008.5670988000002,10186.985592999999,14477.635582999999,24664.621176000001,5015.6184021999998,3817.1,3384.0355226000001,2842.6,3637.0400915999999,2917.4,64837.814425999997,8708.4500000000007,8155.7776382000002,2998.8,4164.4617619000001,2016
NA,NA,Scotland - Scottish Government estimates 2019. https://www.nrscotland.gov.uk/files//statistics/household-estimates/2019/house-est-19-all-tabs.zip,NA,NA,NA,NA,NA,NA,NA,NA,NA,NA,NA,NA,NA,NA,NA,NA,NA,NA,NA,NA,NA,NA,2016
Scotland,Clackmannanshire,S12000005,UKM2201,2.2810000000000001,23.154,25.434999999999999,1.4219999999999999,26.856999999999999,9.9588243482000003,76.597892127999998,86.556716476000005,221.83777952,308.39449599,4365.9905077000003,3099.1,3308.1926288,2807.95,3403.0554935,2821.6,156004.06435999999,9166.25,11482.834865999999,2876.3,3673.4166479999999,2017
Scotland,Dumfries and Galloway,S12000006,UKM3200,17.800999999999998,64.156000000000006,81.956999999999994,10.643000000000001,92.6,92.373922793000006,239.09020215999999,331.46412495999999,543.71651168999995,875.18063665,5189.2546931999996,3756.7,3726.7005761999999,2995.9,4044.3662525,3076.5,51086.771745999999,7293.8,9451.1947801999995,3199.4,4769.0621262000004,2017
Scotland,East Ayrshire,S12000008,UKM3301,3.153,55.896999999999998,59.05,4.3659999999999997,63.415999999999997,13.598569360999999,176.81688979,190.41545915,244.83236231000001,435.24782146000001,4312.8986238999996,2710.1,3163.2626043,2707.5,3224.6479110999999,2707.5,56077.041297999996,8256.5,6863.3755117999999,2773.1,3470.1120615,2017
Scotland,East Lothian,S12000010,UKM2301,6.6369999999999996,43.975000000000001,50.612000000000002,3.58,54.192,36.453016108,153.39218901999999,189.84520513000001,296.45986994999998,486.30507507999999,5492.3935676000001,4224.3999999999996,3488.1680277,2876.7,3750.9919608999999,2959.1,82810.019539000001,8794,8973.7428970000001,3038.05,4190.7508692000001,2017
Scotland,East Renfrewshire,S12000011,UKM3501,4.2549999999999999,36.418999999999997,40.673999999999999,1.835,42.509,20.356043840000002,135.4976197,155.85366354000001,79.815711698000001,235.66937523999999,4784.0291046000002,3590.2,3720.5200500000001,3154.6,3831.7761602,3176.7,43496.300652999998,11276.6,5543.9877494000002,3232,4006.6239117,2017
Scotland,Na h-Eileanan Siar,S12000013,UKM6400,4.992,13.659000000000001,18.651,2.0219999999999998,20.672999999999998,33.923050600000003,54.702639351000002,88.625689950999998,68.920647099999996,157.54633705000001,6795.4828926,5864.15,4004.8787870000001,3153.9,4751.7929307000004,3608.8,34085.384321999998,6561.05,7620.8744280000001,3708.5,6921.1784421000002,2017
Scotland,Falkirk,S12000014,UKM2600,9.7260000000000009,70.009,79.734999999999999,4.6580000000000004,84.393000000000001,43.485752390999998,228.25530032,271.74105271000002,434.12639515000001,705.86744785999997,4471.0829108999997,3018.15,3260.3708139999999,2793.8,3408.0523321999999,2806.3,93200.170706000004,10086.299999999999,8364.0520878999996,2865.3,3784.6943274,2017
Scotland,Highland,S12000017,"UKM6101, UKM6102, UKM6201, UKM6202, UKM6304, UKM6305",33.783999999999999,106.663,140.447,16.088999999999999,156.536,238.90426522999999,416.26614687,655.17041210000002,927.84008684000003,1583.0104988999999,7071.5209930000001,6143.25,3902.6292797999999,3066.4,4664.8943166999998,3447.1,57669.220389000002,8788.2999999999993,10112.756803,3593.5,6048.5271475999998,2017
Scotland,Inverclyde,S12000018,UKM3503,7.3460000000000001,34.828000000000003,42.173999999999999,2.617,44.790999999999997,27.996870192999999,108.94740271000001,136.94427289999999,177.01348941000001,313.95776231000002,3811.1720927000001,2736.85,3128.1555847999998,2706.5,3247.1255489,2715.2061453000001,67639.850749999998,8507.1,7009.3939031,2772.1,3637.2014792999998,2017
Scotland,Midlothian,S12000019,UKM2302,2.262,38.375,40.637,2.702,43.338999999999999,12.514449418,127.52355728000001,140.03800669,210.66627922000001,350.70428592000002,5532.4710070000001,3649.3,3323.0894404000001,2827.3,3446.0714790000002,2846.2,77966.794680000006,9414.9,8092.1176288999995,2907.3,3631.9736155000001,2017
Scotland,Moray,S12000020,"UKM6203, UKM6204",6.1890000000000001,41.429000000000002,47.618000000000002,4.5919999999999996,52.21,39.329312227999999,146.79559064,186.12490287,308.48332159,494.60822445999997,6354.711945,5352.6,3543.3051881000001,2911.9,3908.7089517999998,3048.09,67178.423691000004,8247.9500000000007,9473.4385070999997,3147.65,4403.3429432000003,2017
Scotland,North Ayrshire,S12000021,"UKM3302, UKM6301",9.2959999999999994,63.381,72.677000000000007,4.9210000000000003,77.597999999999999,47.527774993999998,197.79799392000001,245.32576890999999,438.90082987,684.22659878000002,5112.7124563999996,3624.95,3120.7774241000002,2673.6,3375.5626802000002,2728,89189.357827,8226.2000000000007,8817.5803343000007,2796.85,3847.8852016000001,2017
Scotland,Orkney Islands,S12000023,UKM6500,6.008,8.6129999999999995,14.621,2.3119999999999998,16.933,44.917802107999997,36.861521903000003,81.779324011,57.168442214000002,138.94776623000001,7476.3319087999998,6642.6,4279.7540814000004,3230.6,5593.2784358999997,4312,24726.834868000002,6611.3,8205.7382758999993,4467.8,7874.7543582999997,2017
Scotland,Scottish Borders,S12000026,UKM2400,14.268000000000001,50.834000000000003,65.102000000000004,7.7119999999999997,72.813999999999993,68.680664362000002,186.19823471000001,254.87889906999999,319.58514538999998,574.46404445999997,4813.6153883999996,3461.05,3662.8680549999999,2907.35,3915.0701832,2976.1,41439.982545999999,6421.7,7889.4724155000004,3071.05,4693.3837709999998,2017
Scotland,Shetland Islands,S12000027,UKM6600,8.4030000000000005,9.0540000000000003,17.457000000000001,1.887,19.344000000000001,61.927027729999999,37.195015709000003,99.122043438999995,92.663076945,191.78512038,7369.6331940999999,6645.2,4108.1307387999996,3203.2,5678.0685936,4507.3999999999996,49106.029117999999,8839.7000000000007,9914.4499785000007,4626.55,9585.3441098000003,2017
Scotland,South Ayrshire,S12000028,UKM3700,6.5250000000000004,52.061999999999998,58.587000000000003,5.2050000000000001,63.792000000000002,29.874073612,173.25150955000001,203.12558315999999,277.92485621999998,481.05043938,4578.4020860999999,3162.9,3327.7920469000001,2779.15,3467.0760264,2796,53395.745671999997,8342.5,7540.9211089,2882.8,3898.4642859999999,2017
Scotland,South Lanarkshire,S12000029,UKM3800,23.613,135.32300000000001,158.93600000000001,10.294,169.23,115.89818581,466.12415852999999,582.02234435000003,594.41026983999996,1176.4326142,4908.2363871999996,3490.1,3444.5301872999999,2877.6,3661.9918982999998,2918.5,57743.371851999997,10036.35,6951.6788642000001,2985.2,4008.9153225,2017
Scotland,Stirling,S12000030,UKM2702,6.391,38.040999999999997,44.432000000000002,4.5629999999999997,48.994999999999997,40.651763787,142.01527833,182.66704211999999,276.93841895000003,459.60546106999999,6360.7829426999997,4757.6333333000002,3733.2162229,2952.3,4111.1595723999999,3059.6,60692.180353999996,10313.700000000001,9380.6604974999991,3189.1,4649.7910683999999,2017
Scotland,Aberdeen City,S12000033,UKM5001,14.26,111.849,126.10899999999999,8.5440000000000005,134.65299999999999,58.935677277000003,332.08838938999997,391.02406667000002,736.53282984999998,1127.5568965,4132.9366953999997,3056.75,2969.0778584,2379.1999999999998,3100.6832712999999,2415.6999999999998,86204.685140999994,13836.4,8373.7970674000007,2511.1999999999998,3661.2054705,2017
Scotland,Aberdeenshire,S12000034,UKM5002,16.260000000000002,109.18,125.44,13.333,138.773,117.06312079,449.31095364999999,566.37407442999995,682.56102618,1248.9351005999999,7199.4539230999999,6148.9,4115.3228946999998,3340.35,4515.0994454000001,3494.5,51193.356797,8330.1,8999.8421926999999,3609.5,5105.1827045999999,2017
Scotland,Argyll and Bute,S12000035,"UKM3101, UKM6302, UKM6303",16.183,42.726999999999997,58.91,7.0620000000000003,65.971999999999994,116.37984681,159.00743481999999,275.38728163000002,236.18677521000001,511.57405684000003,7191.4877839999999,6208.9,3721.4743563000002,2870.2,4674.7119610999998,3343.1,33444.743021000002,7957.85,7754.4118238000001,3483.5,6643.0414094999996,2017
Scotland,City of Edinburgh,S12000036,UKM2500,37.822000000000003,227.35599999999999,265.178,21.07,286.24799999999999,161.24768476,697.64478866000002,858.89247341999999,1474.9309404999999,2333.8234139000001,4263.3304627999996,3324.85,3068.5127670000002,2469.3000000000002,3238.9280914000001,2532.6,70001.468460999997,8371.1,8153.1518610000003,2599.5,3680.4051669999999,2017
Scotland,Renfrewshire,S12000038,UKM3502,12.316000000000001,79.936999999999998,92.253,5.431,97.683999999999997,41.660061931000001,246.20218045999999,287.86224239000001,484.33504092999999,772.19728332,3382.596779,2346.0500000000002,3079.9527186,2644.7,3120.3564371000002,2623.8523810000002,89179.716614000004,11298.8,7905.0538810999997,2686.1,3389.0866560999998,2017
Scotland,West Dunbartonshire,S12000039,UKM3102,5.593,41.854999999999997,47.448,3.0550000000000002,50.503,18.58443544,124.09572197999999,142.68015742,194.24204560999999,336.92220302999999,3322.8026891,2245.4,2964.8959976000001,2563.9,3007.0847542000001,2546.4,63581.684325000002,8978.6,6671.3304760999999,2601.8000000000002,3337.8598563,2017
Scotland,West Lothian,S12000040,UKM2800,5.2850000000000001,76.022000000000006,81.307000000000002,5.5279999999999996,86.834999999999994,24.762417886000001,259.40403173999999,284.16644962999999,542.51608224999995,826.68253188000006,4685.4149263999998,3477.8,3412.2231950999999,2928.25,3494.9813623,2948,98139.667556999993,11065.15,9520.1535311999996,3015.6,3672.8722050000001,2017
Scotland,Angus,S12000041,UKM2101,9.5289999999999999,51.784999999999997,61.314,5.524,66.837999999999994,54.600743950000002,186.5564267,241.15717065000001,279.07967217999999,520.23684283,5729.9552891000003,4679.3,3602.5186192000001,2974.5,3933.1501883000001,3093.3,50521.301987999999,8770,7783.5489217000004,3191.85,4496.9356975000001,2017
Scotland,Dundee City,S12000042,UKM2102,13.227,70.075000000000003,83.302000000000007,5.2779999999999996,88.58,62.200476399999999,222.90278086000001,285.10325726000002,364.78730918999997,649.89056645000005,4702.5384743000004,3854.4,3180.9173151,2687.2,3422.5259568000001,2764.4,69114.685333000001,11719.2,7336.7641278999999,2845.45,4070.0546368,2017
Scotland,East Dunbartonshire,S12000045,UKM3103,3.8849999999999998,44.173999999999999,48.058999999999997,2.5950000000000002,50.654000000000003,17.536985421000001,159.18272916999999,176.71971459,168.42970306999999,345.14941765999998,4514.0245613999996,3258,3603.5389408000001,3090.9,3677.1409015999998,3098.7,64905.473246000001,8595.7999999999993,6813.8630248999998,3147.4,3867.7985247000001,2017
Scotland,Fife,S12000047,UKM2202,17.305,167.239,184.54400000000001,13.143000000000001,197.68700000000001,77.602146743000006,544.57556731,622.17771404999996,939.74020800000005,1561.9179220000001,4484.3771594,3008.9,3256.2713680000002,2756.4,3371.4329051999998,2766.7,71501.195160999996,8238.4,7900.9642618999997,2829.8,3726.5076309000001,2017
Scotland,Perth and Kinross,S12000048,UKM2701,14.138,66.128,80.266000000000005,8.5150000000000006,88.781000000000006,96.670290887999997,251.84522824000001,348.51551912000002,396.74050390000002,745.25602302000004,6837.6213670999996,5747.2,3808.4507051999999,2993.15,4342.0068164000004,3209.7,46593.130228000002,9110.7999999999993,8394.3188635000006,3342.4,5154.1826011000003,2017
Scotland,Glasgow City,S12000049,UKM3400,61.558999999999997,268.84199999999998,330.40100000000001,24.599,355,215.79507323000001,761.65296460000002,977.44803782999998,1835.7892626,2813.2373004999999,3505.4999794,2632.6,2833.0877043,2355.3000000000002,2958.3688846,2383.8000000000002,74628.613465000002,10405.9,7924.6121139999996,2461.8000000000002,3357.6010780000001,2017
Scotland,North Lanarkshire,S12000050,UKM3600,17.899000000000001,142.38900000000001,160.28800000000001,9.24,169.52799999999999,79.775817326999999,460.06011640000003,539.83593372999997,797.03280645999996,1336.8687402,4456.9985656999997,3138.4,3231.0088307000001,2819.3,3367.9123436,2838.65,86258.961737999998,10600.65,7885.8285367999997,2894.5,3571.4063956,2017
NA,Scotland,S92000003,UKM,418.19099999999997,2385.4299999999998,2803.6210000000001,224.33699999999999,3027.9580000000001,2121.1861478000001,7957.8584566,10079.044604000001,14704.207700000001,24783.252304000001,5072.2902879000003,3794.7,3336.0268197,2750.1,3595.0096693999999,2822.3,65545.174001000007,9028.4,8184.8071553,2902.9,4092.6208105000001,2017
NA,NA,Scotland - Scottish Government estimates 2019. https://www.nrscotland.gov.uk/files//statistics/household-estimates/2019/house-est-19-all-tabs.zip,NA,NA,NA,NA,NA,NA,NA,NA,NA,NA,NA,NA,NA,NA,NA,NA,NA,NA,NA,NA,NA,NA,2017
Scotland,Clackmannanshire,S12000005,UKM2201,2.2090000000000001,23.407,25.616,1.448,27.064,9.0224394987000007,74.546833746999994,83.569273245999995,216.44292196999999,300.01219521000002,4084.3999542000001,2741.8,3184.8094052000001,2723.5,3262.3857450999999,2724.3,149477.15604999999,8415.7000000000007,11085.286550999999,2781.65,3530.0022491,2018
Scotland,Dumfries and Galloway,S12000006,UKM3200,17.309999999999999,64.712999999999994,82.022999999999996,10.83,92.852999999999994,83.589142261000006,231.6689514,315.25809365999999,534.14339123000002,849.40148490000001,4828.9510259999997,3434.35,3579.9445458999999,2908.2,3843.5328341999998,2957.6,49320.719411999999,6644.95,9147.8087395999992,3067.3333333,4530.4816149999997,2018
Scotland,East Ayrshire,S12000008,UKM3301,3.0129999999999999,56.173000000000002,59.186,4.3929999999999998,63.579000000000001,11.913966684,172.75791269000001,184.67187937,239.48627654000001,424.15815591,3954.1874158000001,2419.3000000000002,3075.4617466,2628.1,3120.1953059000002,2621.1999999999998,54515.428304000001,7471.8,6671.3562011000004,2684.8,3351.1510220999999,2018
Scotland,East Lothian,S12000010,UKM2301,6.5019999999999998,44.91,51.411999999999999,3.6539999999999999,55.066000000000003,32.921254914000002,150.56145341999999,183.48270833000001,295.32329318000001,478.80600150999999,5063.2505250000004,3861.5,3352.5151062,2775.05,3568.8692977000001,2843.4,80821.919316,8128.5,8695.1295085000002,2915.9,3990.9235091,2018
Scotland,East Renfrewshire,S12000011,UKM3501,4.16,36.723999999999997,40.884,1.88,42.764000000000003,18.44303712,131.14610537999999,149.58914250000001,76.127502864999997,225.71664536,4433.4223846000004,3361.45,3571.1280192999998,3055.65,3658.8675887999998,3068.45,40493.352588000002,10483.5,5278.1929978999997,3117.3,3825.0266569,2018
Scotland,Na h-Eileanan Siar,S12000013,UKM6400,4.8090000000000002,13.765000000000001,18.574000000000002,2.0590000000000002,20.632999999999999,31.522947298999998,55.016910725000002,86.539858023999997,65.655621468000007,152.19547949,6554.9900809000001,5626,3996.8696494999999,3167.2,4659.1933898999996,3570.15,31887.140101000001,6291.4,7376.3136476999998,3654,6775.2178832999998,2018
Scotland,Falkirk,S12000014,UKM2600,9.4309999999999992,70.801000000000002,80.231999999999999,4.7489999999999997,84.980999999999995,39.655012192000001,223.36413712000001,263.01914930999999,420.36799250000001,683.38714182000001,4204.7515843000001,2804.4,3154.8161343000002,2702.6,3278.2324921999998,2708.7,88517.159929000001,8810.4,8041.6462717000004,2770.4,3639.5470866999999,2018
Scotland,Highland,S12000017,"UKM6101, UKM6102, UKM6201, UKM6202, UKM6304, UKM6305",33.061999999999998,107.89400000000001,140.95599999999999,16.402000000000001,157.358,225.48004928,412.07840164999999,637.55845093000005,921.59475347,1559.1532044,6819.9155914000003,5927.15,3819.2893177000001,2995.5,4523.1026060000004,3360.75,56187.949851999998,8148.8,9908.3186390999999,3497.15,5855.7142024000004,2018
Scotland,Inverclyde,S12000018,UKM3503,7.0880000000000001,35.064999999999998,42.152999999999999,2.6589999999999998,44.811999999999998,23.334611614,105.67159968,129.00621129000001,172.36139158,301.36760286999998,3292.1291780000001,2398.9,3013.5918916000001,2622.5,3060.4277582,2593.6,64821.884761000001,7632.6,6725.1540407000002,2651.1,3427.3701193000002,2018
Scotland,Midlothian,S12000019,UKM2302,2.177,39.131,41.308,2.7669999999999999,44.075000000000003,10.854788224,125.36913302000001,136.22392124000001,210.01148040999999,346.23540165999998,4986.1222893000004,3325.6,3203.8315662,2732.5,3297.7612386000001,2747,75898.619592999996,8314.7000000000007,7855.5961804999997,2807.9,3482.0285579000001,2018
Scotland,Moray,S12000020,"UKM6203, UKM6204",5.9740000000000002,41.86,47.834000000000003,4.665,52.499000000000002,36.590933831000001,144.55348036000001,181.14441418999999,304.48756427000001,485.63197846999998,6125.0307719000002,5133.5,3453.2604004,2831.25,3786.9384578999998,2954.55,65270.646146999999,7571.7,9250.3091196000005,3048.4,4256.8128540999996,2018
Scotland,North Ayrshire,S12000021,"UKM3302, UKM6301",9.0779999999999994,63.988,73.066000000000003,5.0090000000000003,78.075000000000003,42.835384599999998,192.95756838,235.79295298,420.85320108000002,656.64615405999996,4718.5927075999998,3342.35,3015.5274172999998,2584.0500000000002,3227.1227791000001,2628.4,84019.405285999994,7403.1,8410.4534621000003,2687.4,3688.010526,2018
Scotland,Orkney Islands,S12000023,UKM6500,5.9409999999999998,8.6829999999999998,14.624000000000001,2.3220000000000001,16.946000000000002,42.968190417999999,36.835311333999996,79.803501752000003,57.845504282,137.64900603000001,7232.4845005999996,6429.1,4242.2332527999997,3179.3,5457.0228221999996,4277,24911.931215000001,6460.4,8122.8021973000004,4410.3500000000004,7595.9929327999998,2018
Scotland,Scottish Borders,S12000026,UKM2400,13.926,51.341999999999999,65.268000000000001,7.835,73.102999999999994,61.484887073000003,181.07571386000001,242.56060092999999,316.58028180999997,559.14088274999995,4415.1146828000001,3122.3,3526.8535284999998,2801.2,3716.3786378,2840.55,40405.907059999998,5755,7648.6721851000002,2931.8,4457.7693003000004,2018
Scotland,Shetland Islands,S12000027,UKM6600,8.3279999999999994,9.0950000000000006,17.422999999999998,1.9019999999999999,19.324999999999999,58.516201928000001,36.638253607000003,95.154455534999997,88.412814869000002,183.56727040000001,7026.4411536999996,6346.1,4028.3951189999998,3140.2,5461.4277412000001,4365.8999999999996,46484.129794,7850.95,9498.9531903999996,4456.3,9163.5646701999995,2018
Scotland,South Ayrshire,S12000028,UKM3700,6.2839999999999998,52.482999999999997,58.767000000000003,5.2919999999999998,64.058999999999997,26.449177521999999,168.50643585,194.95561337000001,277.6446444,472.60025776999998,4208.9715980000001,2826.65,3210.6860479000002,2692.3,3317.4334809000002,2698.6,52464.974375999998,7568.9,7377.5778231000004,2785.3,3728.9954931000002,2018
Scotland,South Lanarkshire,S12000029,UKM3800,22.847000000000001,137.71299999999999,160.56,10.433999999999999,170.994,102.86635527999999,454.80400419,557.67035946999999,581.51504153999997,1139.185401,4502.4009839,3210.8,3302.5495356000001,2770.3,3473.2832552999998,2799.9,55732.704768000003,8887.9,6662.1366890999998,2865.3,3815.1393176000001,2018
Scotland,Stirling,S12000030,UKM2702,6.18,38.418999999999997,44.598999999999997,4.6040000000000001,49.203000000000003,36.93787201,137.85167379999999,174.78954580999999,287.48882291000001,462.27836871,5977.0019432999998,4535.1499999999996,3588.1119705999999,2841.1,3919.1359852999999,2938.1,62443.271699999998,9021.2000000000007,9395.3289172000004,3058.2,4431.7836158,2018
Scotland,Aberdeen City,S12000033,UKM5001,13.571,112.432,126.003,8.7129999999999992,134.71600000000001,54.430612515,324.87192356000003,379.30253607999998,742.39170019999995,1121.6942363000001,4010.8033685999999,2916.4,2889.4969721000002,2309.1,3010.2659149000001,2341.6,85205.061425000007,12135.4,8326.3623939999998,2427.9,3525.5752243000002,2018
Scotland,Aberdeenshire,S12000034,UKM5002,15.711,110.261,125.97199999999999,13.494999999999999,139.46700000000001,107.75114102000001,438.03210625000003,545.78324726999995,671.24584837999998,1217.0290955999999,6858.3248053999996,5854.5,3972.6839611999999,3224,4332.5758681999996,3361.6,49740.337041999999,7488.1,8726.2871907999997,3463.9,4910.0655588999998,2018
Scotland,Argyll and Bute,S12000035,"UKM3101, UKM6302, UKM6303",15.831,42.973999999999997,58.805,7.1529999999999996,65.957999999999998,108.79385245,157.09891762000001,265.89277005999998,240.08984652000001,505.98261658000001,6872.2034265000002,5913.2,3655.6736077,2808.25,4521.6013954999999,3243,33564.916331,7074,7671.2850083000003,3379.6,6387.0470830000004,2018
Scotland,City of Edinburgh,S12000036,UKM2500,37.116,230.667,267.78300000000002,21.442,289.22500000000002,147.50148188,677.65921429000002,825.16069617000005,1460.594261,2285.7549571999998,3974.0672992999998,3088.7,2937.8247182999999,2374.1999999999998,3081.4528785000002,2427.6,68118.377997999996,7423.55,7903.0338221000002,2494.6,3499.8396587000002,2018
Scotland,Renfrewshire,S12000038,UKM3502,11.981999999999999,81.218000000000004,93.2,5.4809999999999999,98.680999999999997,37.651769397999999,240.74428116999999,278.39605057,476.10068353999998,754.49673411000003,3142.3609913,2169.75,2964.1739659999998,2552.3000000000002,2987.0820877000001,2523.3000000000002,86863.835712,10135.1,7645.8156495000003,2581.4,3246.7904901000002,2018
Scotland,West Dunbartonshire,S12000039,UKM3102,5.4450000000000003,42.142000000000003,47.587000000000003,3.0840000000000001,50.670999999999999,16.091946076999999,119.41942351,135.51136958000001,188.95334747999999,324.46471706,2955.3619976,2014.1,2833.7388710999999,2476.85,2847.6552332000001,2451.5,61268.919415999997,7639.6,6403.3612334999998,2500.1,3161.1311371000002,2018
Scotland,West Lothian,S12000040,UKM2800,5.1219999999999999,77.09,82.212000000000003,5.6349999999999998,87.846999999999994,22.569263029999998,252.17458440999999,274.74384744000002,524.66699143999995,799.41083888000003,4406.3379599,3218.2,3271.1711559,2810.85,3341.8947044000001,2822.85,93108.605402000001,9898.1,9100.0357311999996,2888.1,3524.480744,2018
Scotland,Angus,S12000041,UKM2101,9.0820000000000007,52.246000000000002,61.328000000000003,5.6,66.927999999999997,50.099240086000002,182.45412875,232.55336883999999,295.09067697,527.64404579999996,5516.3224054000002,4470.2241378999997,3492.2123943000001,2883.7,3791.9607494000002,2985.3,52694.763744000003,8073.55,7883.7563620999999,3073.95,4315.4945226999998,2018
Scotland,Dundee City,S12000042,UKM2102,12.593,69.837000000000003,82.43,5.3239999999999998,87.754000000000005,57.765193603999997,215.97529227999999,273.74048589,359.52217378,633.26265966999995,4587.0875569,3722.9,3092.5625712000001,2612.5,3320.8842155000002,2685.25,67528.582603999996,10386,7216.3395363,2757.6,3891.8419307999998,2018
Scotland,East Dunbartonshire,S12000045,UKM3103,3.8079999999999998,44.576000000000001,48.384,2.6139999999999999,50.997999999999998,16.12964277,154.09819073,170.2278335,167.21023341,337.43806690999997,4235.7255174000002,3057.95,3456.9766405,2974,3518.2670613999999,2978.35,63967.189521,7679.15,6616.6921626000003,3025.15,3698.7556982000001,2018
Scotland,Fife,S12000047,UKM2202,16.678000000000001,168.9,185.578,13.3,198.87799999999999,69.798312291000002,528.55474106999998,598.35305335999999,911.89616589000002,1510.2492193,4185.0529015000002,2809.1,3129.3945592999999,2662.2,3224.2671725999999,2669.5,68563.621496000007,7433.3,7593.8475811999997,2727,3562.8129219000002,2018
Scotland,Perth and Kinross,S12000048,UKM2701,13.664999999999999,66.781999999999996,80.447000000000003,8.6539999999999999,89.100999999999999,88.832222025999997,247.24478590999999,336.07700793999999,393.103453,729.18046093999999,6500.7114545000004,5550.7,3702.2668669999998,2915.95,4177.6201467000001,3107.6,45424.480356,8163.75,8183.7517080999996,3221.4,4928.1044040999996,2018
Scotland,Glasgow City,S12000049,UKM3400,60.533000000000001,272.13400000000001,332.66699999999997,24.858000000000001,357.52499999999998,197.32542365,737.44713048999995,934.77255414000001,1803.6080930999999,2738.3806472000001,3259.7991781000001,2419.4,2709.8676773000002,2260.8000000000002,2809.9347219000001,2276.8000000000002,72556.444327000005,9221.25,7659.2703929999998,2352.4,3194.5039596000001,2018
Scotland,North Lanarkshire,S12000050,UKM3600,17.202000000000002,144.26400000000001,161.46600000000001,9.3460000000000001,170.81200000000001,71.259757515000004,448.46184767,519.72160517999998,793.86325320000003,1313.5848584,4142.5274686000002,2920.3,3108.6192513000001,2715.5,3218.7680698999998,2726.8,84941.499379000001,9651.2000000000007,7690.2375615999999,2783.5,3424.9894900999998,2018
NA,Scotland,S92000003,UKM,406.65800000000002,2411.6889999999999,2818.3470000000002,227.60300000000001,3045.95,1941.3861101,7759.6404479000003,9701.0265579999996,14514.679228000001,24215.705785999999,4774.0020115999996,3546.8,3217.5128915999999,2655.4,3442.0979950000001,2714.9,63771.915257000001,8118.5,7950.1324008000001,2793.5,3916.0071280000002,2018
NA,NA,Scotland - Scottish Government estimates 2019. https://www.nrscotland.gov.uk/files//statistics/household-estimates/2019/house-est-19-all-tabs.zip,NA,NA,NA,NA,NA,NA,NA,NA,NA,NA,NA,NA,NA,NA,NA,NA,NA,NA,NA,NA,NA,NA,2018
Scotland,Clackmannanshire,S12000005,UKM2201,2.0720000000000001,23.67,25.742000000000001,1.44,27.181999999999999,8.1705572756000002,74.673034857999994,82.843592133000001,215.92138075,298.76497289000002,3943.3191483999999,2654.6,3154.7543243999999,2677.3,3218.2267164,2676.55,149945.40330000001,8363.9500000000007,10991.279997,2727.8,3467.7100098000001,2019
Scotland,Dumfries and Galloway,S12000006,UKM3200,16.565000000000001,65.402000000000001,81.966999999999999,10.760999999999999,92.727999999999994,76.527010997999994,230.85822687999999,307.38523787000003,513.76150152000002,821.14673938999999,4619.8014487,3213.9,3529.8343610000002,2863.4,3750.1096524,2900,47742.914367999998,6573.4,8855.4345979000009,3010.75,4410.1814641999999,2019
Scotland,East Ayrshire,S12000008,UKM3301,2.847,56.459000000000003,59.305999999999997,4.3739999999999997,63.68,11.232010589,171.97321951999999,183.20523011,233.53349119000001,416.73872130000001,3945.2091989,2324.1,3045.9841569999999,2590.4,3089.1516897000001,2585.25,53391.287423000002,7337.05,6544.2638395000004,2647.8,3307.7297942,2019
Scotland,East Lothian,S12000010,UKM2301,6.2889999999999997,46.116,52.405000000000001,3.6989999999999998,56.103999999999999,31.756253703999999,153.93052864000001,185.68678234000001,281.10400772999998,466.79079007000001,5049.4917641000002,3845.7,3337.8985306,2739.8,3543.3027830000001,2796.7,75994.595222999997,7975,8320.0982117000003,2867.2,3970.1264104000002,2019
Scotland,East Renfrewshire,S12000011,UKM3501,4.0199999999999996,37.164000000000001,41.183999999999997,1.875,43.058999999999997,17.731012979999999,131.12457864999999,148.85559162999999,74.340029338999997,223.19562096999999,4410.6997461999999,3278.2,3528.2687182999998,3002.7,3614.4034486,3014.95,39648.015647,9975.7000000000007,5183.4836146999996,3065.5,3783.3420162000002,2019
Scotland,Na h-Eileanan Siar,S12000013,UKM6400,4.67,13.898999999999999,18.568999999999999,2.0739999999999998,20.643000000000001,29.896044019000001,55.770997366000003,85.667041385000005,67.720994908999998,153.38803629,6401.7224880000003,5567.3,4012.5906444000002,3135.3,4613.4439865000004,3490.1,32652.360130000001,6165.2,7430.5108896000002,3569,6675.5272644999995,2019
Scotland,Falkirk,S12000014,UKM2600,9.0090000000000003,71.466999999999999,80.475999999999999,4.7149999999999999,85.191000000000003,36.951279687000003,225.16976801000001,262.12104770000002,406.21723861999999,668.33828631999995,4101.5961467999996,2710.6,3150.6816853999999,2684,3257.1331540000001,2685.75,86154.239369000003,9071.1,7845.1747992999999,2740.2,3606.9056541999998,2019
Scotland,Highland,S12000017,"UKM6101, UKM6102, UKM6201, UKM6202, UKM6304, UKM6305",32.527999999999999,109.217,141.745,16.535,158.28,219.12980393000001,417.32860489000001,636.45840882000005,840.05617127999994,1476.5145801000001,6736.651621,5780,3821.0956617000002,2974.5,4490.1647946000003,3313.8,50804.727625,7964.6,9328.4974734000007,3448.2,5811.6625163999997,2019
Scotland,Inverclyde,S12000018,UKM3503,6.758,35.405999999999999,42.164000000000001,2.657,44.820999999999998,20.801740998,104.91284457,125.71458557,167.89054250000001,293.60512806000003,3078.0912988999999,2105,2963.1374504,2551.9,2981.562128,2509,63188.009973,6685.7,6550.6152933000003,2559.6,3342.2285735999999,2019
Scotland,Midlothian,S12000019,UKM2302,2.056,39.762999999999998,41.819000000000003,2.7759999999999998,44.594999999999999,10.451462880999999,127.31475919,137.76622207,201.53072406000001,339.29694611999997,5083.3963428999996,3278.2,3201.8398809,2711.1,3294.3452035,2725.5,72597.523075000005,8101.95,7608.4078062999997,2779.2,3467.2997777,2019
Scotland,Moray,S12000020,"UKM6203, UKM6204",5.7690000000000001,42.280999999999999,48.05,4.7009999999999996,52.750999999999998,34.289568217999999,144.55037535,178.83994357,296.02652391999999,474.86646748999999,5943.7629083000002,4901.1000000000004,3418.802189,2785.7,3721.9551212000001,2902.95,62970.968713000002,7410.3,9002.0372597999994,2992.3,4165.6560042000001,2019
Scotland,North Ayrshire,S12000021,"UKM3302, UKM6301",8.74,64.643000000000001,73.382999999999996,4.9939999999999998,78.376999999999995,40.267114638000002,193.18855189000001,233.45566651999999,428.71039001999998,662.16605655000001,4607.2213543999997,3117.55,2988.5455794,2538.1999999999998,3181.3317324999998,2569.5,85845.092115000007,7319.7,8448.4741257000005,2630.8,3639.7827646000001,2019
Scotland,Orkney Islands,S12000023,UKM6500,5.8760000000000003,8.7370000000000001,14.613,2.3199999999999998,16.933,41.822232772,38.485855180000001,80.308087951999994,59.978459157000003,140.28654710999999,7117.4664351000001,6335.4,4404.9279133999999,3207.4857142999999,5495.6605729000003,4303.8,25852.784119,6526.6,8284.8016953999995,4449.5,7584.1050101000001,2019
Scotland,Scottish Borders,S12000026,UKM2400,13.233000000000001,51.877000000000002,65.11,7.8289999999999997,72.938999999999993,56.395624503000001,182.10776508999999,238.50338959999999,305.99376855000003,544.49715814000001,4261.7414421000003,2921.8,3510.3757945000002,2769.5,3663.0838518999999,2786,39084.655580999999,5686.9,7465.1031429000004,2871.6,4359.0128776000001,2019
Scotland,Shetland Islands,S12000027,UKM6600,8.2409999999999997,9.1159999999999997,17.356999999999999,1.913,19.27,57.782486523999999,37.489974732999997,95.272461257000003,84.567504554999999,179.83996581,7011.5867642000003,6256.3,4112.5465919999997,3151.95,5488.9935621000004,4328.3,44206.745715999998,7978.9,9332.6396373999996,4431.3,9126.5888740999999,2019
Scotland,South Ayrshire,S12000028,UKM3700,5.9870000000000001,52.838000000000001,58.825000000000003,5.2759999999999998,64.100999999999999,24.531855908000001,168.10724974999999,192.63910566000001,268.22761004,460.86671570999999,4097.5206127000001,2687.4,3181.5596682999999,2662.15,3274.7829267000002,2663.2,50839.198264999999,7516.2,7189.6961935999998,2742.6,3663.1761173999998,2019
Scotland,South Lanarkshire,S12000029,UKM3800,21.585999999999999,139.84800000000001,161.434,10.416,171.85,96.053844536,458.76759521000002,554.82143974999997,565.88665101000004,1120.7080908,4449.8213905000002,3116.25,3280.4730507999998,2742.4,3436.8313969999999,2766.2,54328.595526999998,8742.15,6521.4320090000001,2828.6,3763.1851523,2019
Scotland,Stirling,S12000030,UKM2702,5.9249999999999998,38.67,44.594999999999999,4.673,49.268000000000001,34.791747035999997,137.12038152,171.91212856000001,271.62090253000002,443.53303109000001,5872.0248161999998,4373,3545.9110814999999,2809.5,3854.9642014000001,2900.6,58125.594378000002,8747,9002.4565860999992,3020.75,4335.3035900000004,2019
Scotland,Aberdeen City,S12000033,UKM5001,13.103,113.431,126.53400000000001,8.7609999999999992,135.29499999999999,51.760551788999997,321.18229944000001,372.94285122999997,700.19863022000004,1073.1414815000001,3950.2825146,2868.4,2831.5213604999999,2258.5,2947.3726526999999,2290.6999999999998,79922.226939999993,11223.2,7931.8635682000004,2371.6999999999998,3441.0353404000002,2019
Scotland,Aberdeenshire,S12000034,UKM5002,15.256,111.235,126.491,13.521000000000001,140.012,102.65190918,432.61432930000001,535.26623847999997,657.69533226999999,1192.9615707,6728.6254052000004,5639.75,3889.1925139999998,3155.2,4231.6547301999999,3273.1,48642.506638999999,7268.3,8520.4237546999993,3366.55,4774.3032849000001,2019
Scotland,Argyll and Bute,S12000035,"UKM3101, UKM6302, UKM6303",15.462999999999999,43.298000000000002,58.761000000000003,7.1909999999999998,65.951999999999998,103.40745613999999,158.26974917000001,261.67720530999998,240.56635349999999,502.24355881000002,6687.4122833000001,5660.5,3655.3593509000002,2774.75,4453.2462911000002,3189.1,33453.810805000001,7008.9,7615.2892832999996,3319.05,6261.8680827999997,2019
Scotland,City of Edinburgh,S12000036,UKM2500,35.997999999999998,234.34399999999999,270.34199999999998,21.376000000000001,291.71800000000002,143.51968625999999,682.04208370000003,825.56176995999999,1443.1644240999999,2268.7261941000002,3986.879445,3067.5,2910.4311767999998,2344.1999999999998,3053.7680787999998,2391.3000000000002,67513.305768000006,7298.65,7777.1210349000003,2454.3000000000002,3464.8308003000002,2019
Scotland,Renfrewshire,S12000038,UKM3502,11.372,82.34,93.712000000000003,5.4930000000000003,99.204999999999998,35.090797336000001,241.60114476999999,276.69194211000001,467.56296140000001,744.25490349999995,3085.7190762999999,2127.4,2934.1892733999998,2507.1,2952.5774938999998,2479.4,85119.781793999995,9546.2000000000007,7502.1914570999998,2537.6,3191.9977632,2019
Scotland,West Dunbartonshire,S12000039,UKM3102,4.9790000000000001,42.375999999999998,47.354999999999997,3.08,50.435000000000002,15.132787867999999,119.15089781,134.28368567000001,203.82920995000001,338.11289563000003,3039.3227290999998,2088.3000000000002,2811.7542431000002,2433.9499999999998,2835.6812516999998,2412.3000000000002,66178.314920000004,7595.9,6703.9336893999998,2458.4,3120.6991790000002,2019
Scotland,West Lothian,S12000040,UKM2800,4.9059999999999997,78.106999999999999,83.013000000000005,5.6829999999999998,88.695999999999998,21.136972070999999,253.86315393999999,275.00012600999997,503.29700781999998,778.29713383000001,4308.3921873999998,3127.45,3250.1972159000002,2775.9,3312.7356679999998,2785.8,88561.852511000005,9685.7000000000007,8774.8842543999999,2849.1,3482.5130564000001,2019
Scotland,Angus,S12000041,UKM2101,8.6479999999999997,52.792999999999999,61.441000000000003,5.6020000000000003,67.043000000000006,45.952834955,181.39411153,227.34694648999999,289.98507446999997,517.33202096000002,5313.6950688999996,4213.45,3435.9500603000001,2831.8,3700.2481484,2917.9,51764.561669000002,7787.1,7716.4211170999997,3003.9,4192.9685267000004,2019
Scotland,Dundee City,S12000042,UKM2102,11.997,70.054000000000002,82.051000000000002,5.4669999999999996,87.518000000000001,52.455074355999997,212.12603852000001,264.58111287999998,348.14547747,612.72659035000004,4372.3492835999996,3526.5,3028.0360654000001,2550.65,3224.5933977,2608.1,63681.265314999997,9605.7999999999993,7001.1493676,2680.55,3743.1012645000001,2019
Scotland,East Dunbartonshire,S12000045,UKM3103,3.7189999999999999,44.99,48.709000000000003,2.61,51.319000000000003,15.419323849,153.64561861999999,169.06494247000001,160.93815151000001,330.00309398000002,4146.0940707,3006.8,3415.1059930000001,2944.4,3470.9179509000001,2946.9,61662.127015999999,7122.45,6430.4272099,2990.1,3657.1978557000002,2019
Scotland,Fife,S12000047,UKM2202,15.86,170.78100000000001,186.64099999999999,13.297000000000001,199.93799999999999,65.437140579000001,530.46439140999996,595.90153198999997,878.95833571000003,1474.8598677,4125.9231134000001,2717.35,3106.1089431,2628.1,3192.7686413000001,2631.8,66102.003137000007,7120.6,7376.5860801999997,2687.7,3521.0650735999998,2019
Scotland,Perth and Kinross,S12000048,UKM2701,13.205,67.796999999999997,81.001999999999995,8.6430000000000007,89.644999999999996,83.325371007000001,248.00742284,331.33279384999997,378.53159331000001,709.86438715999998,6310.1379029,5246.3,3658.0884529,2862.4,4090.4273208999998,3034.9,43796.319947999997,7858.8,7918.6166229,3141.8,4801.7157783000002,2019
Scotland,Glasgow City,S12000049,UKM3400,58.685000000000002,275.85899999999998,334.54399999999998,24.765999999999998,359.31,189.53659429000001,732.36072865000006,921.89732294999999,1736.1006474999999,2657.9979705000001,3229.7281127000001,2293.4,2654.8371763999999,2213.6,2755.6833270000002,2223.6999999999998,70100.163430000001,8971.4,7397.5062492999996,2292.25,3129.0851428000001,2019
Scotland,North Lanarkshire,S12000050,UKM3600,16.379000000000001,145.88200000000001,162.261,9.3480000000000008,171.60900000000001,65.475372702000001,450.05255423,515.52792693000004,779.80494667000005,1295.3328736000001,3997.5195496000001,2735.9,3085.0451339000001,2685.85,3177.1524082999999,2689,83419.442305000004,9616.35,7548.1639867000004,2742,3381.7750038999998,2019
NA,Scotland,S92000003,UKM,391.74099999999999,2439.86,2831.6010000000001,227.86600000000001,3059.4670000000001,1838.8835236,7769.6488351999997,9608.5323587999992,14071.866038,23680.398396000001,4694.1308761999999,3431.9,3184.4650247,2613.4,3393.3214315,2665.9,61755.005299999997,7916.7,7740.0404699000001,2741.4,3850.1537927999998,2019
NA,NA,Scotland - Scottish Government estimates 2019. https://www.nrscotland.gov.uk/files//statistics/household-estimates/2019/house-est-19-all-tabs.zip,NA,NA,NA,NA,NA,NA,NA,NA,NA,NA,NA,NA,NA,NA,NA,NA,NA,NA,NA,NA,NA,NA,2019
