Region,Local Authority,LA Code,LAU1,Number of MPRNs (thousands) - Domestic meters,Number of MPRNs (thousands) - Non-domestic meters,Number of MPRNs (thousands) - Total number of meters,Sales (GWh) - Domestic consumption,Sales (GWh) - Non-domestic consumption,Sales (GWh) - Total consumption,Averages - Domestic - Mean consumption,Averages - Domestic - Median consumption,Averages - Non-domestic - Mean consumption,Averages - Non-domestic - Median consumption,Averages - All - Mean consumption,Averages - All - Median consumption,Year
SCOTLAND,Aberdeen City,S12000033,UKM5001,93.868,1.64,95.508,1348.96775,988.887676,2337.855426,14371,12002,602980,172201,24478,12177,2013
SCOTLAND,Aberdeenshire,S12000034,UKM5002,61.139,0.758,61.897,1029.061946,366.684032,1395.745978,16832,15404,483752,164736,22549,15539,2013
SCOTLAND,Angus,S12000041,UKM2101,37.256,0.436,37.692,558.977516,375.449948,934.427464,15004,13485,861124,182427,24791,13607,2013
SCOTLAND,Argyll and Bute,S12000035,"UKM3101, UKM6302, UKM6303",20.441,0.332,20.773,325.425193,145.539772,470.964965,15920,13550,438373,131422,22672,13755,2013
SCOTLAND,City of Edinburgh,S12000036,UKM2500,208.505,3.063,211.568,2758.097732,1930.625747,4688.723479,13228,10989,630306,155351,22162,11142,2013
SCOTLAND,Clackmannanshire,S12000005,UKM2201,22.066,0.211,22.277,308.855333,810.83801,1119.693343,13997,12756,3842834,155864,50262,12843,2013
SCOTLAND,Dumfries and Galloway,S12000006,UKM3200,42.813,0.484,43.297,610.912744,568.149291,1179.062035,14269,12873,1173862,159126,27232,12974,2013
SCOTLAND,Dundee City,S12000042,UKM2102,57.021,0.824,57.845,755.64347,626.884568,1382.528038,13252,11549,760782,180937,23901,11671,2013
SCOTLAND,East Ayrshire,S12000008,UKM3301,52.58,0.469,53.049,758.043033,346.175004,1104.218037,14417,13195,738113,170588,20815,13271,2013
SCOTLAND,East Dunbartonshire,S12000045,UKM3103,41.751,0.417,42.168,765.606454,146.236623,911.843077,18337,16505,350687,128222,21624,16610,2013
SCOTLAND,East Lothian,S12000010,UKM2301,37.56,0.382,37.942,534.24399,227.843744,762.087734,14224,12812,596450,171977,20086,12900,2013
SCOTLAND,East Renfrewshire,S12000011,UKM3501,34.199,0.39,34.589,651.353141,102.334364,753.687505,19046,17025,262396,121650,21790,17170,2013
SCOTLAND,Falkirk,S12000014,UKM2600,62.847,0.559,63.406,911.771269,760.146976,1671.918245,14508,13410,1359834,188516,26368,13486,2013
SCOTLAND,Fife,S12000047,UKM2202,157.016,1.547,158.563,2300.728367,1724.582135,4025.310502,14653,13423,1114791,168000,25386,13510,2013
SCOTLAND,Glasgow City,S12000049,UKM3400,246.346,3.591,249.937,2906.67652,2377.757296,5284.433816,11799,10166,662144,182315,21143,10294,2013
SCOTLAND,Highland,S12000017,"UKM6101, UKM6102, UKM6201, UKM6202, UKM6304, UKM6305",38.756,0.537,39.293,573.823135,552.407868,1126.231003,14806,13267,1028692,164957,28662,13383,2013
SCOTLAND,Inverclyde,S12000018,UKM3503,32.808,0.436,33.244,480.307083,203.540029,683.847112,14640,13119,466835,147413,20571,13246,2013
SCOTLAND,Midlothian,S12000019,UKM2302,33.537,0.334,33.871,483.143396,162.191441,645.334837,14406,13231,485603,195427,19053,13312,2013
SCOTLAND,Moray,S12000020,"UKM6203, UKM6204",29.021,0.387,29.408,432.337435,1456.342818,1888.680253,14897,13222,3763160,203161,64223,13335,2013
SCOTLAND,Na h-Eileanan Siar,S12000013,UKM6400,0,0,0,0,0,0,0,0,0,0,0,0,2013
SCOTLAND,North Ayrshire,S12000021,"UKM3302, UKM6301",57.64,0.52,58.16,779.231375,1294.839476,2074.070851,13519,12239,2490076,171198,35661,12316,2013
SCOTLAND,North Lanarkshire,S12000050,UKM3600,137.115,1.408,138.523,1980.502698,1083.662151,3064.164849,14444,13336,769646,168314,22120,13422,2013
SCOTLAND,Orkney Islands,S12000023,UKM6500,0,0,0,0,0,0,0,0,0,0,0,0,2013
SCOTLAND,Perth and Kinross,S12000048,UKM2701,43.42,0.706,44.126,686.99706,358.943369,1045.940429,15822,13960,508418,168031,23704,14135,2013
SCOTLAND,Renfrewshire,S12000038,UKM3502,76.018,0.944,76.962,1043.24972,597.117972,1640.367692,13724,12361,632540,192169,21314,12478,2013
SCOTLAND,Scottish Borders,S12000026,UKM2400,35.767,0.463,36.23,511.669922,287.836987,799.506909,14306,12751,621678,156871,22068,12872,2013
SCOTLAND,Shetland Islands,S12000027,UKM6600,0,0,0,0,0,0,0,0,0,0,0,0,2013
SCOTLAND,South Ayrshire,S12000028,UKM3700,45.404,0.534,45.938,685.270981,640.234351,1325.505332,15093,13374,1198941,166580,28854,13499,2013
SCOTLAND,South Lanarkshire,S12000029,UKM3800,118.158,1.293,119.451,1852.98973,707.057992,2560.047722,15682,14199,546835,168707,21432,14294,2013
SCOTLAND,Stirling,S12000030,UKM2702,30.674,0.494,31.168,494.090814,736.779201,1230.870015,16108,14081,1491456,144420,39491,14255,2013
SCOTLAND,West Dunbartonshire,S12000039,UKM3102,40.219,0.372,40.591,499.086485,293.810917,792.897402,12409,11361,789814,166439,19534,11433,2013
SCOTLAND,West Lothian,S12000040,UKM2800,70.955,0.698,71.653,1045.929291,701.429002,1747.358293,14741,13694,1004913,198284,24386,13771,2013
NA,Scotland,S92000003,UKM,1964.904,24.23,1989.134,28073.055931,20574.403404,48647.459335,14287,12711,849129,168056,24457,12830,2013
Scotland,Clackmannanshire,S12000005,UKM2201,22.234,0.202,22.437,302.341232,776.211088,1078.620807,13598.148421,12313.5,3842629.1485,161706.5,48073.307795,12393,2014
Scotland,Dumfries and Galloway,S12000006,UKM3200,43.176,0.47,43.647,602.080431,545.514255,1147.668544,13944.794122,12519,1160668.6277,158384,26294.328224,12607,2014
Scotland,East Ayrshire,S12000008,UKM3301,52.816,0.458,53.274,741.709297,332.558599,1074.267896,14043.269028,12801.5,726110.47817,174623.5,20164.956564,12875.5,2014
Scotland,East Lothian,S12000010,UKM2301,37.904,0.37,38.274,528.678135,205.74066,734.418795,13947.819096,12501,556055.83784,173542,19188.45156,12587,2014
Scotland,East Renfrewshire,S12000011,UKM3501,34.481,0.38,34.861,645.572245,98.236155,743.8084,18722.549955,16653,258516.19737,122165.5,21336.404578,16789,2014
Scotland,Na h-Eileanan Siar,S12000013,UKM6400,NA,NA,NA,NA,NA,NA,NA,NA,NA,NA,NA,NA,2014
Scotland,Falkirk,S12000014,UKM2600,64.314,0.553,64.868,907.7729,694.23257,1602.079328,14114.701309,12997,1255393.4358,188212,24697.529259,13078,2014
Scotland,Highland,S12000017,"UKM6101, UKM6102, UKM6201, UKM6202, UKM6304, UKM6305",39.165,0.54,39.705,576.576804,618.95133,1195.528134,14721.736346,13111,1146206.1667,163510,30110.266566,13247,2014
Scotland,Inverclyde,S12000018,UKM3503,32.734,0.421,33.155,465.845373,184.881521,650.726894,14231.238865,12586,439148.50594,148842,19626.810255,12714,2014
Scotland,Midlothian,S12000019,UKM2302,34.053,0.332,34.385,475.832636,159.09755,634.930186,13973.295627,12812,479209.48795,189273,18465.324589,12879,2014
Scotland,Moray,S12000020,"UKM6203, UKM6204",29.426,0.385,29.811,439.343732,1510.254835,1949.598567,14930.460545,13234.5,3922739.8312,206852,65398.630271,13364,2014
Scotland,North Ayrshire,S12000021,"UKM3302, UKM6301",58.021,0.512,58.533,763.61341,1491.790533,2255.403943,13160.983265,11878,2913653.3848,179805,38532.177455,11952,2014
Scotland,Orkney Islands,S12000023,UKM6500,NA,NA,NA,NA,NA,NA,NA,NA,NA,NA,NA,NA,2014
Scotland,Scottish Borders,S12000026,UKM2400,35.881,0.456,36.337,504.906446,280.238557,785.145003,14071.693821,12512,614558.23904,155286.5,21607.314941,12635,2014
Scotland,Shetland Islands,S12000027,UKM6600,NA,NA,NA,NA,NA,NA,NA,NA,NA,NA,NA,NA,2014
Scotland,South Ayrshire,S12000028,UKM3700,45.408,0.527,45.935,669.678716,629.483579,1299.162295,14748.033739,13037,1194465.9943,172154,28282.623163,13153,2014
Scotland,South Lanarkshire,S12000029,UKM3800,119.874,1.285,121.16,1830.01839,673.252397,2503.287009,15266.182742,13706,523931.82646,170084,20661.002055,13814,2014
Scotland,Stirling,S12000030,UKM2702,31.2,0.494,31.694,488.832182,752.70817,1241.540352,15667.698141,13610,1523700.749,143342.5,39172.725185,13762.5,2014
Scotland,Aberdeen City,S12000033,UKM5001,94.675,1.627,96.303,1353.455988,971.43618,2743.191568,14295.811862,11921,597072.02213,174573,28485.006365,12088,2014
Scotland,Aberdeenshire,S12000034,UKM5002,61.937,0.76,62.701,1037.751808,347.051209,1709.990069,16754.957586,15288,456646.32763,165136,27272.133921,15417,2014
Scotland,Argyll and Bute,S12000035,"UKM3101, UKM6302, UKM6303",20.362,0.339,20.701,315.916885,125.443243,441.360128,15515.022346,13115.5,370039.0649,126169,21320.715328,13316,2014
Scotland,City of Edinburgh,S12000036,UKM2500,209.052,3.043,212.095,2712.27671,1899.191267,4611.467977,12974.172503,10703,624118.06342,154226,21742.464353,10847,2014
Scotland,Renfrewshire,S12000038,UKM3502,76.421,0.9,77.321,1021.928041,527.869398,1549.797439,13372.345834,11991,586521.55333,189886,20043.680746000002,12097,2014
Scotland,West Dunbartonshire,S12000039,UKM3102,40.677,0.36,41.037,489.763625,262.459645,752.22327,12040.308405,10942,729054.56944,169384,18330.366986,11002,2014
Scotland,West Lothian,S12000040,UKM2800,71.415,0.698,72.113,1033.236685,649.186788,1682.423473,14468.062522,13387,930067.03152,188062,23330.37695,13467,2014
Scotland,Angus,S12000041,UKM2101,38.053,0.423,38.476,561.304503,363.883928,925.188431,14750.597929,13191,860245.69267,178360,24045.857963,13292,2014
Scotland,Dundee City,S12000042,UKM2102,57.668,0.8,58.468,744.297671,629.845352,1374.143023,12906.59761,11091.5,787306.69,189637,23502.480382,11217.5,2014
Scotland,East Dunbartonshire,S12000045,UKM3103,42.394,0.416,42.81,759.141113,174.360668,933.501781,17906.805515,16135,419136.22115,127570.5,21805.694487,16232,2014
Scotland,Fife,S12000047,UKM2202,157.573,1.494,159.07,2249.824901,1632.12867,4320.96521,14277.984813,13001,1092455.6024,173799,27163.922864,13082,2014
Scotland,Perth and Kinross,S12000048,UKM2701,44.159,0.703,44.862,681.903607,340.568125,1022.471732,15442.00745,13491,484449.67994,167068,22791.487941,13650.5,2014
Scotland,Glasgow City,S12000049,UKM3400,246.417,3.541,249.959,2841.804587,2478.296491,5320.113381,11532.502169,9885,699886.0466,183164,21283.944091,10007,2014
Scotland,North Lanarkshire,S12000050,UKM3600,138.247,1.363,139.611,1954.105008,1086.578078,3040.72942,14134.881827,12978,797195.94864,171283,21780.013179,13062,2014
NA,Scotland,S92000003,UKM,1979.737,23.852,2003.603,27699.513061,20441.450841,49323.753055,13991.51153,12375,857012.02587,169047.5,24617.528051,12491,2014
Scotland,Clackmannanshire,S12000005,UKM2201,22.343,0.217,22.56,295.73014221,745.37341763,1041.1035598,13235.919179,11972.249752,3434900.5421,149151.33531,46148.20744,12052.031715,2015
Scotland,Dumfries and Galloway,S12000006,UKM3200,43.517,0.463,43.98,589.80166691,527.65561418,1117.4572811,13553.362293,12142.71556,1139644.955,155941.64194,25408.305618,12220.515362,2015
Scotland,East Ayrshire,S12000008,UKM3301,53.163,0.452,53.615,727.04742399,302.18442779,1029.2318518,13675.816338,12472.745292,668549.619,168193.92433,19196.714572,12537.16551,2015
Scotland,East Lothian,S12000010,UKM2301,38.368,0.366,38.734,523.30723016,200.86624465,724.17347481,13639.158417,12194.251734,548814.8761,169478.23937,18696.067404,12267.096135,2015
Scotland,East Renfrewshire,S12000011,UKM3501,34.718,0.381,35.099,634.29072516,103.08414812,737.37487328,18269.794492,16171.952428,270562.06857,123928,21008.429678,16321.11001,2015
Scotland,Na h-Eileanan Siar,S12000013,UKM6400,NA,NA,NA,NA,NA,NA,NA,NA,NA,NA,NA,NA,2015
Scotland,Falkirk,S12000014,UKM2600,65.121,0.546,65.667,893.02453463,709.7700977,1602.7946323,13713.311138,12587.710605,1299945.2339,183178.5,24407.916188,12665.014866,2015
Scotland,Highland,S12000017,"UKM6101, UKM6102, UKM6201, UKM6202, UKM6304, UKM6305",40.01,0.555,40.565,580.73754894,638.831865,1219.5694139,14514.810021,12875.18546,1151048.4054,156555,30064.573251,13000,2015
Scotland,Inverclyde,S12000018,UKM3503,33.138,0.416,33.554,463.07920721,180.77933619,643.8585434,13974.265412,12306.739346,434565.712,152191.88922,19188.72693,12414.767096,2015
Scotland,Midlothian,S12000019,UKM2302,34.69,0.323,35.013,473.12326785,156.77180892,629.89507676,13638.606741,12416.253717,485361.63751,190492.5816,17990.320074,12483.647175,2015
Scotland,Moray,S12000020,"UKM6203, UKM6204",29.763,0.389,30.152,439.07251507,1426.4285542,1865.5010692,14752.293622,13045,3666911.4503,186628,61869.89484,13166.750743,2015
Scotland,North Ayrshire,S12000021,"UKM3302, UKM6301",58.369,0.506,58.875,745.48690685,1441.9314584,2187.4183652,12771.966401,11473.736373,2849666.9137,162767,37153.602806,11544.103072,2015
Scotland,Orkney Islands,S12000023,UKM6500,NA,NA,NA,NA,NA,NA,NA,NA,NA,NA,NA,NA,2015
Scotland,Scottish Borders,S12000026,UKM2400,36.132,0.442,36.574,496.72989697,251.58691987,748.31681684,13747.644663,12151.139742,569201.17618,162322.40208,20460.349342,12258.176412,2015
Scotland,Shetland Islands,S12000027,UKM6600,NA,NA,NA,NA,NA,NA,NA,NA,NA,NA,NA,NA,2015
Scotland,South Ayrshire,S12000028,UKM3700,45.696,0.519,46.215,655.01930164,646.52228675,1301.5415884,14334.280936,12602.576809,1245707.6816,176549.95054,28162.752102,12723.488603,2015
Scotland,South Lanarkshire,S12000029,UKM3800,121.496,1.294,122.79,1801.3773219,627.98767876,2429.3650007,14826.638918,13219.028741,485307.32516,162880,19784.713745,13319.127849,2015
Scotland,Stirling,S12000030,UKM2702,31.458,0.485,31.943,484.3119201,733.99447269,1218.3063928,15395.508936,13242.319128,1513390.6653,149975,38140.01167,13394.44995,2015
Scotland,Aberdeen City,S12000033,UKM5001,96.039,1.596,97.635,1353.5180082,1021.0639541,2374.5819623,14093.420467,11781,639764.38224,173946,24321.011546,11959,2015
Scotland,Aberdeenshire,S12000034,UKM5002,62.975,0.754,63.729,1037.0983795,334.6251562,1371.7235357,16468.414124,14907.829534,443799.94192,159783.5,21524.322297,15042.115573,2015
Scotland,Argyll and Bute,S12000035,"UKM3101, UKM6302, UKM6303",20.462,0.33,20.792,311.53886029,119.49944027,431.03830056,15225.239971,12822.59663,362119.51596,125426.52423,20730.968669,13025.272547,2015
Scotland,City of Edinburgh,S12000036,UKM2500,211.05,2.983,214.033,2667.2312259,1886.0727335,4553.3039594,12637.911518,10349.851338,632273.79602,156987.14144,21273.84076,10480.673935,2015
Scotland,Renfrewshire,S12000038,UKM3502,77.053,0.879,77.932,1003.7362007,521.81230502,1525.5485057,13026.568735,11592.666006,593643.12289,195072.20574,19575.379892,11697.720515,2015
Scotland,West Dunbartonshire,S12000039,UKM3102,40.853,0.362,41.215,481.60643467,260.45001412,742.05644879,11788.765444,10656.095144,719475.17712,175763.85262,18004.523809,10723.488603,2015
Scotland,West Lothian,S12000040,UKM2800,72.02,0.699,72.719,1012.1146779,656.24302119,1668.3576991,14053.244625,12975.718533,938831.21773,180065,22942.528075,13061.446977,2015
Scotland,Angus,S12000041,UKM2101,38.641,0.412,39.053,553.5805731,356.956126,910.5366991,14326.248625,12720.515362,866398.36408,176365.57517,23315.409805,12826.560951,2015
Scotland,Dundee City,S12000042,UKM2102,58.306,0.822,59.128,731.16860339,677.20100522,1408.3696086,12540.194892,10786.91774,823845.50513,185611.75816,23818.996222,10909.316155,2015
Scotland,East Dunbartonshire,S12000045,UKM3103,42.725,0.403,43.128,746.37238206,142.14485982,888.51724188,17469.219007,15667.988107,352716.77375,129361.02868,20601.865189,15759.167493,2015
Scotland,Fife,S12000047,UKM2202,159.002,1.475,160.477,2208.6115728,1149.2514561,3357.8630289,13890.4641,12607.53221,779153.52956,169354,20924.26347,12686.818632,2015
Scotland,Perth and Kinross,S12000048,UKM2701,44.755,0.687,45.442,672.33070642,326.8719991,999.20270552,15022.471376,13054.240631,475796.21412,162411,21988.528355,13216.551041,2015
Scotland,Glasgow City,S12000049,UKM3400,248.107,3.487,251.594,2804.8476746,2370.0444501,5174.8921247,11304.992099,9630.7541626,679680.08319,183588,20568.424226,9749,2015
Scotland,North Lanarkshire,S12000050,UKM3600,139.387,1.352,140.739,1929.480899,1047.138001,2976.6189,13842.61731,12675.916749,774510.3558,172236.89416,21149.922196,12752.229931,2015
NA,Scotland,S92000003,UKM,1999.357,23.595,2022.952,27315.375808,19563.142852,46878.518661,13662.080263,12027.750248,829122.39256,167036.59743,23173.322285,12137.760159,2015
Scotland,Clackmannanshire,S12000005,UKM2201,22.65,0.213,22.863,295.15820317,801.94621259,1097.1044158,13031.267248,11734.390486,3765005.6929,152755.68744,47986.021772,11820.61447,2016
Scotland,Dumfries and Galloway,S12000006,UKM3200,43.973,0.46,44.433,594.32307673,584.97535114,1179.2984279,13515.636339,12127.849356,1271685.546,157241.83976,26541.048947,12210.109019,2016
Scotland,East Ayrshire,S12000008,UKM3301,53.88,0.439,54.319,727.69536743,300.39873019,1028.0940976,13505.853145,12338.949455,684279.56762,168236.3996,18926.970261,12402.378593,2016
Scotland,East Lothian,S12000010,UKM2301,39.654,0.372,40.026,536.76560258,198.52172641,735.28732898,13536.22844,12111.496531,533660.55485,166942.1365,18370.242567,12185.332012,2016
Scotland,East Renfrewshire,S12000011,UKM3501,35.287,0.401,35.688,635.34963033,106.0318331,741.38146343,18005.203909,16025.768087,264418.53641,122653.80811,20773.970618,16159.068385,2016
Scotland,Na h-Eileanan Siar,S12000013,UKM6400,1.683,0.006,1.689,12.3187889,2.8193829682,15.138171868,7319.54183,6058.4737364,469897.16136,489009.4246,8962.8015797,6065.4112983000005,2016
Scotland,Falkirk,S12000014,UKM2600,66.41,0.541,66.951,896.39906938,734.0063587,1630.4054281,13497.95316,12403.369673,1356758.5189,181093.96637,24352.219206,12480.673935,2016
Scotland,Highland,S12000017,"UKM6101, UKM6102, UKM6201, UKM6202, UKM6304, UKM6305",41.751,0.571,42.322,585.15184698,536.16653878,1121.3183858,14015.277406,12415.262636,938995.68962,150433.23442,26494.929015,12526.263627,2016
Scotland,Inverclyde,S12000018,UKM3503,33.844,0.416,34.26,463.35416848,162.6718126,626.02598109,13690.880761,12047.076313,391038.01106,141830.36597,18272.795712,12167.492567,2016
Scotland,Midlothian,S12000019,UKM2302,36.198,0.334,36.532,483.93790684,170.5340314,654.47193824,13369.189094,12111.992071,510580.93235,182494.55984,17915.031705,12187.314172,2016
Scotland,Moray,S12000020,"UKM6203, UKM6204",30.466,0.396,30.862,438.70857681,1404.9344876,1843.6430644,14399.940157000001,12788.899901,3547814.3627,199585.55885,59738.288654,12909.316155,2016
Scotland,North Ayrshire,S12000021,"UKM3302, UKM6301",58.793,0.502,59.295,741.87228749,1495.1491135,2237.021401,12618.377825,11352.824579,2978384.6882,160937.68546,37726.982055,11425.173439,2016
Scotland,Orkney Islands,S12000023,UKM6500,NA,NA,NA,NA,NA,NA,NA,NA,NA,NA,NA,NA,2016
Scotland,Scottish Borders,S12000026,UKM2400,36.696,0.462,37.158,501.55335183,286.77679885,788.33015069,13667.793542,12074.826561,620729.00185,145689.41642,21215.623841,12189.296333,2016
Scotland,Shetland Islands,S12000027,UKM6600,NA,NA,NA,NA,NA,NA,NA,NA,NA,NA,NA,NA,2016
Scotland,South Ayrshire,S12000028,UKM3700,46.48,0.529,47.009,654.38086918,611.84109431,1266.2219635,14078.762246,12428.14668,1156599.4221,169417.40851,26935.734933,12531.219029,2016
Scotland,South Lanarkshire,S12000029,UKM3800,124.467,1.302,125.769,1817.6801209,572.74359655,2390.4237175,14603.711192,13067.393459,439895.23544,156769.53511,19006.461986,13168.483647,2016
Scotland,Stirling,S12000030,UKM2702,31.998,0.484,32.482,485.825667,763.47761288,1249.3032799,15183.001031,13092.170466,1577433.0845,143455.98417,38461.402619,13252.725471,2016
Scotland,Aberdeen City,S12000033,UKM5001,98.766,1.56,100.326,1337.0320773,971.28401825,2308.3160956,13537.371943,11351.833499,622617.96042,172894.65875,23008.154372,11510.901883,2016
Scotland,Aberdeenshire,S12000034,UKM5002,65.17,0.757,65.927,1037.3514549,342.95930519,1380.3107601,15917.622448,14443.012884,453050.60131,165182.98714,20936.956939,14563.924678,2016
Scotland,Argyll and Bute,S12000035,"UKM3101, UKM6302, UKM6303",20.559,0.336,20.895,309.57970268,118.31085225,427.89055492,15058.110933,12712.58672,352115.63169,123679.03066,20478.131367,12877.106046,2016
Scotland,City of Edinburgh,S12000036,UKM2500,215.565,3.039,218.604,2697.271814,1808.8725154,4506.1443294,12512.568432,10260.654113,595219.64969,155458.95153,20613.274823,10391.47671,2016
Scotland,Renfrewshire,S12000038,UKM3502,78.696,0.891,79.587,1009.0418563,529.96737635,1539.0092326,12822.022165,11420.713578,594800.64686,179621.16716,19337.444968,11524.281467,2016
Scotland,West Dunbartonshire,S12000039,UKM3102,41.235,0.359,41.594,480.61361943000003,228.75292995,709.36654938,11655.477614,10532.210109,637194.79095,168699.30762,17054.540303,10601.090188,2016
Scotland,West Lothian,S12000040,UKM2800,73.661,0.682,74.343,1021.666218,678.3304965,1699.9967145,13869.839101,12838.453915,994619.49633,182353.61029,22866.937231,12921.704658,2016
Scotland,Angus,S12000041,UKM2101,39.622,0.401,40.023,558.61358276,319.64125299,878.25483574,14098.571065,12530.227948,797110.35658,176059.34718,21943.753235,12633.300297,2016
Scotland,Dundee City,S12000042,UKM2102,59.35,0.811,60.161,735.28240617,667.70674894,1402.9891551,12388.92007,10708.622398,823312.88403,182460.92977,23320.575707,10823.587711,2016
Scotland,East Dunbartonshire,S12000045,UKM3103,43.632,0.422,44.054,748.67716056,142.19254603,890.86970658,17158.900819,15475.222993,336949.1612,120213.15529,20222.220606,15554.013875,2016
Scotland,Fife,S12000047,UKM2202,161.706,1.484,163.19,2221.8461734,1118.5419296,3340.388103,13740.035456,12462.83449,753734.45389,160832.83877,20469.318604,12550.545094,2016
Scotland,Perth and Kinross,S12000048,UKM2701,45.677,0.695,46.372,676.47864519,315.97394176,992.45258696,14810.04981,12859.266601,454638.76513,157710.18793,21401.979362,12993.557978,2016
Scotland,Glasgow City,S12000049,UKM3400,252.81,3.465,256.275,2814.3560496,2163.3639799,4977.7200294,11132.297178,9495.0445986,624347.46894,176686.44906,19423.353934,9612.4876115,2016
Scotland,North Lanarkshire,S12000050,UKM3600,142.064,1.369,143.433,1940.6886324,863.26649021,2803.9551226,13660.664436,12513.379584,630581.80439,164204.74777,19548.884305,12588.701685,2016
NA,Scotland,S92000003,UKM,2042.743,23.699,2066.442,27458.973927,19002.159065,46461.132991,13442.20684,11842.418236,801812.69525,163078.14045,22483.637572,11948.463826,2016
Scotland,Clackmannanshire,S12000005,UKM2201,22.879,0.203,23.082,306.95698117,815.81967216,1122.7766533,13416.538361,12071.35778,4018816.119,164057.36894,48642.953528,12152.130823,2017
Scotland,Dumfries and Galloway,S12000006,UKM3200,44.361,0.481,44.842,618.5556604,583.99082957,1202.54649,13943.681621,12530.227948,1214118.1488,156524.23343,26817.414254,12614.469772,2017
Scotland,East Ayrshire,S12000008,UKM3301,54.24,0.448,54.688,750.26126272,313.50762991,1063.7688926,13832.250419,12594.648167,699793.81676,171700.29674,19451.596193,12661.050545,2017
Scotland,East Lothian,S12000010,UKM2301,40.512,0.394,40.906,557.24870664,210.60530335,767.85400999,13755.151724,12312.190287,534531.22677,151835.80613,18771.182956,12390.981169,2017
Scotland,East Renfrewshire,S12000011,UKM3501,35.572,0.406,35.978,651.20600793,105.94599704,757.15200497,18306.702123,16241.823588,260950.73162,125778.93175,21044.860886,16382.061447,2017
Scotland,Na h-Eileanan Siar,S12000013,UKM6400,1.703,0.012,1.715,17.725518335,4.9479146072,22.673432942,10408.407713,8746.283449,412326.21727,149769.53511,13220.660608,8765.1139742,2017
Scotland,Falkirk,S12000014,UKM2600,67.019,0.557,67.576,931.00003568,752.01349594,1683.0135316,13891.583516,12710.604559,1350113.9963,173839.76261,24905.492063,12782.953419,2017
Scotland,Highland,S12000017,"UKM6101, UKM6102, UKM6201, UKM6202, UKM6304, UKM6305",42.768,0.57,43.338,596.14827993,551.21008331,1147.3583632,13939.119901,12288.404361,967035.23389,155393.66963,26474.649574,12409.316155,2017
Scotland,Inverclyde,S12000018,UKM3503,34.184,0.4,34.584,479.61850248,188.01757922,667.63608169,14030.496796,12450.941526,470043.94804,143778.43719,19304.767572,12560.455897,2017
Scotland,Midlothian,S12000019,UKM2302,36.9,0.338,37.238,497.32328642,179.78577136,677.10905778,13477.595838,12255.203171,531910.56614,189301.6815,18183.282071,12316.154609,2017
Scotland,Moray,S12000020,"UKM6203, UKM6204",30.848,0.402,31.25,446.71606838,1361.4750904,1808.1911588,14481.20035,12824.578791,3386753.9562,198282.88823,57862.117081,12939.544103,2017
Scotland,North Ayrshire,S12000021,"UKM3302, UKM6301",59.182,0.521,59.703,769.48086668,1431.844326,2201.3251927,13001.940906,11729.930624,2748261.6623,163310.58358,36871.265979,11804.757185,2017
Scotland,Orkney Islands,S12000023,UKM6500,NA,NA,NA,NA,NA,NA,NA,NA,NA,NA,NA,NA,2017
Scotland,Scottish Borders,S12000026,UKM2400,37.126,0.474,37.6,516.92415134,290.07161124,806.99576258,13923.50782,12304.261645,611965.42455,146702.76954,21462.65326,12408.325074,2017
Scotland,Shetland Islands,S12000027,UKM6600,NA,NA,NA,NA,NA,NA,NA,NA,NA,NA,NA,NA,2017
Scotland,South Ayrshire,S12000028,UKM3700,46.794,0.533,47.327,674.86570168,599.16264903,1274.0283507,14422.056283,12682.358771,1124132.5498,158459.94065,26919.693847,12802.775025,2017
Scotland,South Lanarkshire,S12000029,UKM3800,126.102,1.35,127.452,1868.3997711,604.26412309,2472.6638942,14816.575241,13247.770069,447603.05414,158836.79525,19400.746117,13344.895937,2017
Scotland,Stirling,S12000030,UKM2702,32.351,0.522,32.873,503.78081269,720.52880413,1224.3096168,15572.341278,13461.843409,1380323.3796,141534.61919,37243.622937,13637.264618,2017
Scotland,Aberdeen City,S12000033,UKM5001,99.878,1.544,101.422,1355.0562716,1001.8553611,2356.9116326,13567.114595,11366.699703,648870.05252,171443.62018,23238.662545,11516.352825,2017
Scotland,Aberdeenshire,S12000034,UKM5002,66.275,0.77,67.045,1057.8538979,342.95853796,1400.8124359,15961.582768,14517.343905,445400.69865,167008.90208,20893.615271,14630.327056,2017
Scotland,Argyll and Bute,S12000035,"UKM3101, UKM6302, UKM6303",20.609,0.342,20.951,320.4793449,122.86369894,443.34304384,15550.455864,13172.447968,359250.58171,129311.07814,21160.949064,13392.46779,2017
Scotland,City of Edinburgh,S12000036,UKM2500,218.228,3.059,221.287,2800.3681776,1880.8862268,4681.2544043,12832.304643,10541.129832,614869.63935,158577.6459,21154.674266,10673.934589,2017
Scotland,Renfrewshire,S12000038,UKM3502,79.568,0.91,80.478,1043.8401457,530.9046384,1574.7447841,13118.843576,11689.791873,583411.69055,170543.52127,19567.394618,11793.855302,2017
Scotland,West Dunbartonshire,S12000039,UKM3102,41.476,0.365,41.841,496.12039841,219.17059267,715.29099109,11961.625962,10847.373637,600467.37719,177353.11573,17095.456397,10909.811695,2017
Scotland,West Lothian,S12000040,UKM2800,74.818,0.72,75.538,1063.4994519,792.47884184,1855.9782938,14214.486513,13148.662042,1100665.0581,175831.35509,24570.127535,13227.948464,2017
Scotland,Angus,S12000041,UKM2101,40.51,0.413,40.923,580.56684737,330.74498624,911.31183361,14331.445257,12747.274529,800835.31777,159063.30366,22268.940049,12846.382557,2017
Scotland,Dundee City,S12000042,UKM2102,60.121,0.811,60.932,765.04040251,679.09821859,1444.1386211,12725.011269,11002.973241,837359.08581,178041.54303,23700.824216,11120.911794,2017
Scotland,East Dunbartonshire,S12000045,UKM3103,43.937,0.443,44.38,775.78950842,150.71878329,926.50829172,17656.861152,15865.213082,340222.98711,119408.50643,20876.70779,15979.187314,2017
Scotland,Fife,S12000047,UKM2202,163.144,1.54,164.684,2301.8997572,1151.4775672,3453.3773244,14109.61946,12827.552032,747712.70599,156385.26212,20969.719732,12905.847374,2017
Scotland,Perth and Kinross,S12000048,UKM2701,46.504,0.724,47.228,699.81780851,337.5402261,1037.3580346,15048.550845,13085.728444,466215.78191,150059.34718,21964.89444,13249.25669,2017
Scotland,Glasgow City,S12000049,UKM3400,255.205,3.555,258.76,2904.7725001,2202.5042849,5107.276785,11382.114379,9779.9801784,619551.13498,175176.0633,19737.504966,9888.9990089,2017
Scotland,North Lanarkshire,S12000050,UKM3600,143.296,1.381,144.677,2000.4186008,891.42982977,2891.8484305,13960.044947,12777.006938,645495.89411,163277.94263,19988.307959,12858.27552,2017
NA,Scotland,S92000003,UKM,2066.11,24.188,2090.298,28351.734726,19347.822674,47699.557401,13722.277481,12105.054509,799893.4461,162003.46192,22819.501047,12209.117939,2017
Scotland,Clackmannanshire,S12000005,UKM2201,22.999,0.222,23.221,301.03791675,833.26237546,1134.3002922,13089.174171,11718.533201,3753434.1237,144382.29476,48848.038078,11798.810704,2018
Scotland,Dumfries and Galloway,S12000006,UKM3200,44.919,0.491,45.41,646.96772486,540.5395556,1187.5072805,14402.985927,12282.457879,1100895.2253,151675.56874,26150.787942,12368.186323,2018
Scotland,East Ayrshire,S12000008,UKM3301,54.615,0.466,55.081,746.94804465,306.74012724,1053.6881719,13676.609808,12419.226957,658240.61639,171607.31949,19129.793793,12482.656095,2018
Scotland,East Lothian,S12000010,UKM2301,41.631,0.421,42.052,558.84787517,207.40056009,766.24843525000006,13423.839811,11878.097126,492637.90994,154269.04055,18221.450472,11965.31219,2018
Scotland,East Renfrewshire,S12000011,UKM3501,35.999,0.441,36.44,650.63871938,115.09500806,765.73372745,18073.799811,16041.625372,260986.41285,121921.85955,21013.549052,16199.207136,2018
Scotland,Na h-Eileanan Siar,S12000013,UKM6400,1.712,0.012,1.724,18.494849229,5.1151811492,23.610030379,10803.066139,8971.258672,426265.09577,149450.54402,13694.913213,9001.9821606,2018
Scotland,Falkirk,S12000014,UKM2600,67.611,0.572,68.183,927.06891529,770.38178379,1697.4506991,13711.805997,12513.379584,1346821.3003,174412.95747,24895.512064,12589.692765,2018
Scotland,Highland,S12000017,"UKM6101, UKM6102, UKM6201, UKM6202, UKM6304, UKM6305",44.301,0.598,44.899,616.61287331,496.71441589,1113.3272892,13918.712293,12225.966303,830626.11353,155326.90406,24796.260255,12342.913776,2018
Scotland,Inverclyde,S12000018,UKM3503,34.568,0.411,34.979,480.82791578,160.01214063,640.84005642,13909.624965,12356.29336,389323.94315,141997.03264,18320.708323,12456.888008,2018
Scotland,Midlothian,S12000019,UKM2302,37.838,0.348,38.186,500.75237994,173.49742472,674.24980466,13234.113324,11956.888008,498555.81817,173661.72107,17656.989595,12025.272547,2018
Scotland,Moray,S12000020,"UKM6203, UKM6204",31.264,0.414,31.678,448.91500612,1431.0441092,1879.9591154,14358.847432,12622.398414,3456628.2832,189514.8368,59345.890377,12755.203171,2018
Scotland,North Ayrshire,S12000021,"UKM3302, UKM6301",59.722,0.512,60.234,764.6276606,1442.6692964,2207.296957,12803.115445,11475.718533,2817713.4695,155624.62908,36645.36569,11544.103072,2018
Scotland,Orkney Islands,S12000023,UKM6500,NA,NA,NA,NA,NA,NA,NA,NA,NA,NA,NA,NA,2018
Scotland,Scottish Borders,S12000026,UKM2400,37.982,0.485,38.467,520.04233447,268.59520048,788.63753494,13691.810186,12004.955401,553804.53706,145516.32047,20501.664672,12138.751239,2018
Scotland,Shetland Islands,S12000027,UKM6600,NA,NA,NA,NA,NA,NA,NA,NA,NA,NA,NA,NA,2018
Scotland,South Ayrshire,S12000028,UKM3700,47.305,0.545,47.85,672.71868513,479.55642486,1152.27511,14220.879085,12459.861249,879920.04561,156124.62908,24080.984535,12567.888999,2018
Scotland,South Lanarkshire,S12000029,UKM3800,128.607,1.411,130.018,1893.7623663,601.68123119,2495.4435975,14725.18888,13002.973241,426421.85059,155371.909,19193.06248,13110.505451,2018
Scotland,Stirling,S12000030,UKM2702,32.71,0.536,33.246,500.31464968,714.1356805,1214.4503302,15295.46468,13221.506442,1332342.6875,139417.90307,36529.216453,13381.070367,2018
Scotland,Aberdeen City,S12000033,UKM5001,100.969,1.52,102.489,1344.512443,976.47909277,2320.9915357,13316.091503,11087.215064,642420.45577,175568.24926,22646.25019,11241.823588,2018
Scotland,Aberdeenshire,S12000034,UKM5002,67.619,0.795,68.414,1063.364932,354.77663874,1418.1415708,15725.830492,14255.698712,446259.92294,164402.57171,20728.821159,14378.592666,2018
Scotland,Argyll and Bute,S12000035,"UKM3101, UKM6302, UKM6303",20.953,0.361,21.314,321.79882819,142.45744482,464.25627301,15358.126673,12896.927651,394618.96073,128103.85757,21781.752511,13088.701685,2018
Scotland,City of Edinburgh,S12000036,UKM2500,221.507,3.173,224.68,2776.568895,1876.7367219,4653.3056169,12534.903615,10198.216056,591470.76014,158424.33234,20710.813677,10337.958375,2018
Scotland,Renfrewshire,S12000038,UKM3502,81.356,0.941,82.297,1050.8659766,530.74934817,1581.6153248,12916.883532,11404.360753,564026.93748,167749.75272,19218.383717,11507.433102,2018
Scotland,West Dunbartonshire,S12000039,UKM3102,41.6,0.372,41.972,492.09741155,203.08436389,695.18177543,11829.264701,10657.086224,545925.70938,168398.12067,16562.989027,10730.426165,2018
Scotland,West Lothian,S12000040,UKM2800,76.031,0.748,76.779,1061.2615719,802.54083478,1863.8024067,13958.274545,12827.552032,1072915.5545,179327.39862,24274.898172,12905.847374,2018
Scotland,Angus,S12000041,UKM2101,41.372,0.436,41.808,578.31588078,338.0205508,916.33643158,13978.436643,12373.637265,775276.49266,165282.88823,21917.72942,12478.196234,2018
Scotland,Dundee City,S12000042,UKM2102,60.839,0.829,61.668,761.02380487,662.53291636,1423.5567212,12508.815149,10760.158573,799195.31527,170469.83185,23084.204469,10888.007929,2018
Scotland,East Dunbartonshire,S12000045,UKM3103,44.215,0.454,44.669,769.97984453,146.43276779,916.41261232,17414.448593,15620.416254,322539.13611,126763.10584,20515.628564,15735.381566,2018
Scotland,Fife,S12000047,UKM2202,165.092,1.593,166.685,2270.4750792,1139.0734393,3409.5485184999998,13752.786805,12411.298315,715049.23997,156098.91197,20455.041056,12488.602577,2018
Scotland,Perth and Kinross,S12000048,UKM2701,47.787,0.727,48.514,709.22880903,323.11196849,1032.3407775,14841.459163,12834.489594,444445.62378,152513.35312,21279.234397,12980.178394,2018
Scotland,Glasgow City,S12000049,UKM3400,259.513,3.622,263.135,2924.5863122,2220.5354635,5145.1217757,11269.517566,9578.7908821,613068.87453,173868.94164,19553.163873,9690.7829534,2018
Scotland,North Lanarkshire,S12000050,UKM3600,144.765,1.454,146.219,1988.6559924,953.6002865,2942.2562789,13737.132542,12532.210109,655846.13927,158357.56677,20122.256881,12608.52329,2018
NA,Scotland,S92000003,UKM,2097.401,24.91,2122.311,28361.313698,19216.572353,47577.886051,13522.122712,11828.543112,771440.07841,160080.11869,22417.961388,11934.588702,2018
