LA Code,Year,Region,Total - All Fuels,Coal,Manufactured fuels,Petroleum products,Total Gas,Bioenergy & Wastes
S92000003,2005,SCOTLAND,100165.07111096625,2002.55287999723,1221.2051727839148,40371.25325510919,59112.05483737592,1676.0212567
S12000050,2005,North Lanarkshire,4321.160454568785,13.857325549649957,66.47287278897254,416.7354480906535,3751.374534899509,112.81088508
S12000049,2005,Glasgow City,7013.75384855579,6.5574053144830815,9.055747742228023,372.97526832880357,6614.730309730276,24.96319257
S12000048,2005,Perth and Kinross,1865.5987621147267,41.94799146761165,14.328547286584598,869.6254431802689,1186.0499195402617,22.82646644
S12000047,2005,Fife,10918.344047165278,604.723978395092,30.761289836079932,4448.800850068134,5918.752402068971,42.049885397
S12000045,2005,East Dunbartonshire,1266.9284695186682,2.8280137594275296,3.18169403205174,79.45586041736236,1182.4212778238266,9.506776586
S12000042,2005,Dundee City,1952.3586603164324,3.4318587137519017,5.284998515112522,242.85010932713007,1693.3205760134379,13.66483259
S12000041,2005,Angus,1543.8188106895063,31.632466863437166,9.481565886,623.873299265935,1025.8642657241344,16.31548655
S12000040,2005,West Lothian,2474.3918536928663,13.801455238174267,16.403042386596642,399.72599140199884,2062.8643511760965,17.03815363
S12000039,2005,West Dunbartonshire,1073.8499793956933,1.9956098547548542,1.8762033116716876,107.34247119984015,966.5960633494267,5.521884388
S12000038,2005,Renfrewshire,2212.1021111428927,3.768688272072652,4.591821207798441,195.3984344282082,2009.3250763848134,12.81798844
S12000036,2005,City of Edinburgh,5946.6860138501,10.215773393989107,9.287290201344982,306.66621273579716,5613.0039523589685,30.22969941
S12000035,2005,Argyll and Bute,1356.6689752135755,49.71177521427078,20.519879063663886,876.7584809368478,564.524524778793,19.44135422
S12000034,2005,Aberdeenshire,3711.5783483129435,93.5967188148001,47.182778535895814,2502.9257810960357,1783.1767464662116,45.1541201
S12000033,2005,Aberdeen City,3761.051403372233,17.31051356389786,15.171310172764983,697.0668496169247,3041.3599503686455,16.35399431
S12000030,2005,Stirling,1909.1182441595163,12.543603828894728,5.771257184993492,348.2529889043276,1481.2692572443004,146.057340917
S12000029,2005,South Lanarkshire,3908.595330681981,32.52424919498688,23.68101053197607,814.2266607897848,3166.6296766452333,28.13591282
S12000028,2005,South Ayrshire,1777.28041867944,51.24775605210167,10.476459973618178,443.14693739417487,1345.9990406695451,11.2514875
S12000027,2005,Shetland Islands,381.9775818890595,16.008434517847164,5.285009561,439.49894247021234,0,5.2577681
S12000026,2005,Scottish Borders,1829.28393049857,66.04793568000562,22.587562906853943,993.0586363139357,984.1202338377749,21.36024106
S12000023,2005,Orkney Islands,365.369467261326,23.80665291112147,8.986721761,428.30917223920454,0,6.40826285
S12000021,2005,North Ayrshire,3444.476306785752,243.75902359473102,6.581854158913882,316.1034172401588,2765.6118374319485,161.93210451
S12000020,2005,Moray,2200.5564773266005,49.69052580704932,11.99900057,724.543935356247,1582.0682401933045,13.5487778
S12000019,2005,Midlothian,980.4352467596689,14.837423960282281,6.853027095763956,195.81286292703334,793.2847464375893,8.915677789
S12000018,2005,Inverclyde,895.4283123215527,1.5275646340564228,1.606415070074209,41.880106996925136,851.1034784074968,5.355783368
S12000017,2005,Highland,3895.443622029551,179.82914554658657,74.15808351817846,2897.0023078928125,1303.761050101974,243.73627327
S12000014,2005,Falkirk,20256.150995596614,12.981583278604221,531.8096466591222,17720.33369976049,2007.6970882283963,13.09968896
S12000013,2005,Na h-Eileanan Siar,433.9176904944945,38.95162141178364,13.42058447,549.4102998407109,0,6.929141672
S12000011,2005,East Renfrewshire,1020.5218622029403,2.169627239528683,2.197715151505645,62.215850004823814,957.8438828170822,7.63982784
S12000010,2005,East Lothian,1889.7857252186714,279.9104225641357,210.3891959022507,273.6262822193863,864.7542099428987,328.98601379
S12000008,2005,East Ayrshire,1915.2070401392418,13.776312616056545,5.724691039382564,338.1730208856155,1440.2508935781873,167.20119098
S12000006,2005,Dumfries and Galloway,2721.6144861028165,63.463541897371094,23.718403807213832,1565.6480012740487,1312.1246043241827,106.40862440000001
S12000005,2005,Clackmannanshire,921.6274317897046,4.0978823088758585,2.359492516,79.80963030282072,842.1834449790081,5.102419293
K03000001,2005,GREAT BRITAIN (inc Unallocated),920356.8162934178,20330.760674665864,43648.59806855514,217581.33682396513,649229.5533242318,17130.200262
K02000001,2005,UNITED KINGDOM (inc Unallocated),943045.9341139522,22506.942095926177,44230.76354660432,245078.03045118996,649229.5533242318,18053.989726
S92000003,2006,SCOTLAND,94577.16058753652,2221.253508647099,1194.9802804026544,37060.77642365813,57061.74509082864,1537.6674289999999
S12000050,2006,North Lanarkshire,4173.371533488459,11.745836729493467,69.56617455273533,396.91684634325634,3663.8502846609736,73.601536802
S12000049,2006,Glasgow City,6728.1134002825,5.935583235139204,8.834693242972643,355.4498312116853,6346.7863469827025,26.0730366
S12000048,2006,Perth and Kinross,1872.2824096071895,40.77722061492136,13.764555610223805,883.939545252949,1197.2807186290952,23.8413133
S12000047,2006,Fife,11659.51984781775,800.5940305139374,32.73718833869949,4950.4995204788675,5969.759078974246,40.726528511999994
S12000045,2006,East Dunbartonshire,1189.458376890104,2.5629660117046202,3.1209104938729397,76.57668060522084,1108.2422080183055,9.929440431
S12000042,2006,Dundee City,1824.51006828275,3.1076860615375006,5.408588547194226,210.06226403083278,1598.0806265091855,14.27236037
S12000041,2006,Angus,1493.7765432660428,31.5976036927848,9.065127069,624.055375394018,986.30937818024,17.04086033
S12000040,2006,West Lothian,2331.725103103122,12.738018224503765,19.25856571070991,374.3448131454496,1945.1311943024584,17.79565662
S12000039,2006,West Dunbartonshire,1018.7071053620435,1.8040558224761054,1.799950105830291,100.42943001946412,918.920505257273,5.767383047
S12000038,2006,Renfrewshire,2148.887258999604,3.4318033243959802,4.544750873312842,194.09706070307755,1947.8747772888173,13.38786619
S12000036,2006,City of Edinburgh,5665.632427111636,9.439414741690335,8.838145665981417,296.71605630200673,5342.753099391958,31.57368822
S12000035,2006,Argyll and Bute,1306.6036890446592,46.254763605839614,19.719036552760677,846.1155259790389,560.9122795670198,20.30570164
S12000034,2006,Aberdeenshire,3441.774916661877,90.766174707326,49.0487539114373,2521.1241841285946,1545.2245204245191,47.16163699
S12000033,2006,Aberdeen City,3320.322376012904,15.931664848920896,19.121740009498627,669.9854073404556,2625.831485084029,17.08108011
S12000030,2006,Stirling,1813.5995638563763,11.557255811081113,5.530369488286573,341.79162882810607,1406.4283148559025,138.85573251300002
S12000029,2006,South Lanarkshire,3768.2490171283707,30.216440972956498,24.381043972002043,802.1265673460103,3048.9864239274016,29.38681351
S12000028,2006,South Ayrshire,1843.008972958665,58.34179415610194,10.193491319262002,458.3674338405158,1394.8709925927851,11.75171984
S12000027,2006,Shetland Islands,359.52044731062006,15.345611195432374,5.075322568,423.16488681218766,0,5.491524355
S12000026,2006,Scottish Borders,1790.2383554096152,63.77260468978501,21.72501515791384,999.8477507232112,958.1778391487051,22.30990069
S12000023,2006,Orkney Islands,349.0473998736366,22.020598669759288,8.644974141,420.4832658578773,0,6.693169205
S12000021,2006,North Ayrshire,3279.6603429686215,241.25762238189046,6.5351626978529325,296.7073816540197,2693.5839984848585,94.28717402999999
S12000020,2006,Moray,2391.341127762785,49.735259621025314,11.51350594,715.3645003453598,1793.9686510963998,14.15114586
S12000019,2006,Midlothian,945.0279841639202,13.713668398277125,6.592755973425214,189.76385763838496,767.4982990678329,9.312061846
S12000018,2006,Inverclyde,860.5362264289009,1.3931655740946964,1.536461949899332,41.81186272936189,816.544138624545,5.593897302
S12000017,2006,Highland,3577.908697772618,167.12712885180997,71.93649353618277,2736.996808739127,1225.5143660854985,234.39727376000002
S12000014,2006,Falkirk,16790.124661621056,11.77818358522162,525.8529241386591,14289.90774474777,1980.4471858094084,13.68209089
S12000013,2006,Na h-Eileanan Siar,425.4143237581083,36.71884388337435,12.92566902,555.321999261734,0,7.237205893
S12000011,2006,East Renfrewshire,993.3470229915471,2.004491472891675,2.097344908321409,60.852553148716,932.5818884926181,7.979488619
S12000010,2006,East Lothian,1900.2873939515994,342.45591350404715,184.98584659491783,275.34468131597566,847.4327492266589,322.57624885
S12000008,2006,East Ayrshire,1837.8213343044104,13.102134780757243,5.470509531829715,326.892658176869,1368.2491787749545,177.17203758
S12000006,2006,Dumfries and Galloway,2579.777049144354,60.23332306695454,22.905442651442346,1545.1999994246212,1252.1636817593358,72.902586342
S12000005,2006,Clackmannanshire,897.5440129841039,3.792644603528499,2.249766187,80.51830262195034,818.319282618625,5.329268863
K03000001,2006,GREAT BRITAIN (inc Unallocated),871592.5041536129,18923.853261148397,44605.51780475376,207013.2237720425,612326.6706576683,17472.315588
K02000001,2006,UNITED KINGDOM (inc Unallocated),893973.187333023,21296.25281276818,45126.07990620125,234922.63359138533,612326.6706576683,18256.431275000003
S92000003,2007,SCOTLAND,93536.65102479143,2259.280920795703,1233.004617825242,34509.112455086244,57794.30403928424,1613.1233388
S12000050,2007,North Lanarkshire,4262.95743498521,13.116991414582287,56.16095252581992,390.07987589054994,3766.929941685258,74.207955059
S12000049,2007,Glasgow City,6616.055418065724,6.8240727965116275,7.924734204660398,352.6758532006924,6236.43151982386,26.4341261
S12000048,2007,Perth and Kinross,1767.7753700639219,39.07298140939982,12.496133746388395,794.4254596620576,1144.476899716076,24.17149533
S12000047,2007,Fife,11377.439665391616,715.2046279271883,29.804517098866917,4321.11988059567,6385.54407428389,42.835998886
S12000045,2007,East Dunbartonshire,1198.5989331603978,2.938528859340674,2.845243303443262,73.96675342600395,1118.7452925646098,10.06695478
S12000042,2007,Dundee City,1852.990559442952,3.572486871282036,4.772839409425861,198.66220152923833,1637.5228526720057,14.47002048
S12000041,2007,Angus,1469.9524496965116,28.278645486579254,8.27390407,568.6233654391929,997.4398315707396,17.27686183
S12000040,2007,West Lothian,2356.4896164135935,13.76126764694471,17.957419573861745,364.32053516933115,1975.440118743456,18.04211141
S12000039,2007,West Dunbartonshire,1019.300577319953,2.079070682052477,1.6542154170297518,97.94042759587825,920.6371708939926,5.847256433
S12000038,2007,Renfrewshire,2117.156559365802,3.915514513172773,4.079281478829298,190.72238659750425,1918.0382799762958,13.57327681
S12000036,2007,City of Edinburgh,5671.774986695124,10.056418043411988,8.193272470471138,294.4174602285109,5348.93046093273,32.0109571
S12000035,2007,Argyll and Bute,1240.0180053831136,48.34597080430332,17.790096367981093,778.3107109448116,532.6010380360176,20.58691843
S12000034,2007,Aberdeenshire,3281.1429784841907,89.224657150034,44.05548352516014,2277.2661283480975,1521.1987807808987,47.81478578
S12000033,2007,Aberdeen City,3255.5026480826864,15.282731555216264,18.37231044978826,640.128564822081,2589.1357975156006,17.31763863
S12000030,2007,Stirling,1860.5332041378413,12.792581761673752,5.0356229804991095,308.06196600592136,1469.3427030687471,142.666621351
S12000029,2007,South Lanarkshire,3788.900154659506,32.04893071589685,21.822710642938013,750.0245907535182,3099.292419827153,29.79379602
S12000028,2007,South Ayrshire,1853.6015289677252,65.36756414184708,8.68149754081837,441.85449891771117,1403.5771994473487,11.91447122
S12000027,2007,Shetland Islands,341.87992504609963,15.611670611359788,4.590431862,393.8537987407399,0,5.567577332
S12000026,2007,Scottish Borders,1718.1349338691537,60.33812756359882,19.561612360087842,903.4738528696569,947.6899378358102,22.61887394
S12000023,2007,Orkney Islands,328.38062264054815,23.69369015170094,7.791506312,384.6584507518472,0,6.785863945
S12000021,2007,North Ayrshire,3453.5170467441685,236.7018705107187,5.718508797389652,279.95086475632803,2796.408227739732,180.29968811999998
S12000020,2007,Moray,2284.9101722455816,42.726238969302926,10.43104447,653.8538931517161,1730.2951356845624,14.34712727
S12000019,2007,Midlothian,936.2944855528589,14.04029724238363,5.97189535728818,176.21194603820348,766.7140282329835,9.441026032
S12000018,2007,Inverclyde,834.3306505141948,1.587086851846799,1.43422643098237,40.01311389763017,791.3734903787355,5.671368046
S12000017,2007,Highland,3319.6101512971322,179.40420372167813,64.20956408901507,2463.764342634243,1206.3199414621959,139.99032009
S12000014,2007,Falkirk,16383.682077783842,13.300256462994346,659.7073787820733,13771.077650372212,1953.4503369065615,13.87157628
S12000013,2007,Na h-Eileanan Siar,392.76244362445067,37.22899145632009,11.62092382,496.3945983781306,0,7.33743507
S12000011,2007,East Renfrewshire,968.2123740619254,2.182063838599767,1.9582539625076765,57.2280923097452,909.6237061250727,8.089997786
S12000010,2007,East Lothian,2044.4043059296566,453.57461044707486,142.27051141946657,252.35071151857503,849.7155927445402,408.47807539999997
S12000008,2007,East Ayrshire,1829.322261012023,12.135541422286675,4.988028845148625,305.20080952566934,1375.9540361389186,177.33073901
S12000006,2007,Dumfries and Galloway,2470.982288178575,60.48699562818974,20.76570911401481,1411.143152043163,1239.5987047242074,58.859349969
S12000005,2007,Clackmannanshire,1240.047165067938,4.386234159214139,2.064787141,77.33652203316774,1161.8864867075563,5.403074727
K03000001,2007,GREAT BRITAIN (inc Unallocated),850683.2831763439,20484.9621156777,42665.52072785546,195735.95919570426,598180.0343261064,18822.740620999997
K02000001,2007,UNITED KINGDOM (inc Unallocated),872011.1172482803,22844.402519712134,43107.1785365895,221898.5751748723,598180.0343261064,19617.129341
S92000003,2008,SCOTLAND,92986.29786569359,2526.886836750844,1199.7863998179175,35865.003412453865,55703.164219170954,1807.9508555000002
S12000050,2008,North Lanarkshire,4010.357167628616,14.155807072175898,146.36591803557866,340.6423371611439,3514.0190237027173,34.745626947
S12000049,2008,Glasgow City,6532.019982543203,7.232093427795327,10.941037478563016,322.658031659627,6174.328978537216,31.37078441
S12000048,2008,Perth and Kinross,1737.520223020822,46.35206213263341,14.772004517048927,790.5675342317687,1117.261957112371,30.748057727
S12000047,2008,Fife,11691.249400280907,897.4674216884368,66.79627402995608,4838.162251282477,5960.439385330037,52.13096865
S12000045,2008,East Dunbartonshire,1146.601230452659,3.1091653302545943,3.029287177991277,67.87163177107087,1070.8028007613423,11.948677132
S12000042,2008,Dundee City,1748.726228766229,3.786635223164586,4.383867020132724,188.7994504461832,1540.6952421567485,17.17271258
S12000041,2008,Angus,1451.6557683855872,35.84064209593434,9.840530023,559.7834084887278,982.4470608449251,22.787970933
S12000040,2008,West Lothian,2279.3495449742286,15.166014325610632,43.369273499249715,319.9330166196381,1913.7301882197303,21.64737341
S12000039,2008,West Dunbartonshire,980.141740580506,2.1604480636812142,2.1171261801414474,87.64359807893383,890.6771688307496,6.939250422
S12000038,2008,Renfrewshire,2024.3385374211907,4.182355683982331,4.094087401239208,187.3056128876312,1826.074718418338,16.10877604
S12000036,2008,City of Edinburgh,5504.23947457481,11.34254212047254,9.803790278181653,273.02863058024195,5194.272850233913,38.025523551999996
S12000035,2008,Argyll and Bute,1194.7117186291969,53.92458493260688,21.706312884097855,750.9481186699923,517.2546350875,25.297592155
S12000034,2008,Aberdeenshire,3226.745446164533,101.90634295408078,81.22309838404223,2244.052952662816,1476.3203149175936,60.647738946
S12000033,2008,Aberdeen City,3115.8347722191834,17.439626772399276,55.806026153649384,546.3277184581525,2500.766269111982,20.750006573
S12000030,2008,Stirling,1754.461742391745,13.551991672285954,5.96491662,307.75555314234765,1299.3008899971114,211.61649567999999
S12000029,2008,South Lanarkshire,3697.8149363858834,35.843524198664454,41.02524294817812,701.6755761967686,3036.190160628272,36.087383514
S12000028,2008,South Ayrshire,1821.7998326971165,63.14946425133896,13.389760670381147,444.9454322677932,1368.1607989846032,15.224453133
S12000027,2008,Shetland Islands,316.0544069688093,17.121578978597256,5.549900547,366.774880649212,0,7.058564534
S12000026,2008,Scottish Borders,1695.1604951838083,74.33718798959717,23.97445331808204,907.8212439135737,911.5399719605555,30.428462002
S12000023,2008,Orkney Islands,318.4398184394968,25.224164596252336,9.479919509,372.8090621132444,0,8.298812401000001
S12000021,2008,North Ayrshire,3305.2089408780676,221.72512000294086,6.549692911715034,263.64053235873985,2681.7015581846717,180.27173498
S12000020,2008,Moray,2260.6412218509245,56.83404589422525,12.57318142,628.045042342942,1717.539273211757,21.032238882
S12000019,2008,Midlothian,894.6375517760446,16.19155537890222,7.066719292,165.93863636102552,732.4237273971169,11.463796127
S12000018,2008,Inverclyde,823.6215514403664,1.698309365986299,1.7613271839912772,39.43927651634901,779.8547261350398,6.730922321
S12000017,2008,Highland,3389.231684988622,194.58179211011407,77.45539716064431,2448.6553604748005,1206.7405240730634,247.50896337
S12000014,2008,Falkirk,17471.021023387235,14.099976284478473,458.5601529659114,15149.300686135224,1861.5570702786206,16.521569553
S12000013,2008,Na h-Eileanan Siar,389.3231823575234,42.88806608209616,14.20172428,492.8750644964272,0,10.041542698999999
S12000011,2008,East Renfrewshire,948.2747838100682,2.4174492572127266,2.366745951137039,54.285561854904046,890.8165610138144,9.634745373
S12000010,2008,East Lothian,1815.5641180994216,443.8309706452163,11.026020656934017,245.0699833271331,849.7129968901381,332.84321908
S12000008,2008,East Ayrshire,1734.668066901749,15.201457745193757,5.993253137048928,288.3958849376479,1293.1554329218584,180.04350742
S12000006,2008,Dumfries and Galloway,2481.1053194978977,69.86381864581487,26.16814353981765,1393.0201318036602,1247.8111786486047,86.41113166
S12000005,2008,Clackmannanshire,1225.7895886634417,4.260622287367898,2.431214482,76.83121462130782,1147.5803853557659,6.412255157000001
K03000001,2008,GREAT BRITAIN (inc Unallocated),813499.8918173265,20908.274302396247,34497.12401736274,191821.14332518293,571518.7832563845,21426.235525999997
K02000001,2008,UNITED KINGDOM (inc Unallocated),834175.978285934,23444.400508552066,34955.73375059282,217195.18432940447,571518.7832563845,22486.824181
S92000003,2009,SCOTLAND,85738.40353259971,2318.1910846739647,1218.4926142733152,33278.22779172503,49651.389548227395,3275.4791127000003
S12000050,2009,North Lanarkshire,3742.216493546338,23.19943271383273,121.05658713432976,303.72225516435964,3294.121388561816,38.855783442
S12000049,2009,Glasgow City,6029.8978927080825,7.447310597082525,6.883739600991378,278.03690622546515,5717.800904344544,34.17587596
S12000048,2009,Perth and Kinross,1652.0499545755727,53.13003171639371,11.027387740590681,771.5709423414274,1038.3414255491607,32.914125228
S12000047,2009,Fife,9475.48036711309,838.2047990683446,55.13141966027297,3975.4339855325848,4506.3434406218885,221.00364782999998
S12000045,2009,East Dunbartonshire,1052.2293469368242,3.1647508522052927,1.686987488590681,62.830362742249534,981.5650091507788,13.016572963
S12000042,2009,Dundee City,1613.1125267398168,3.8165867229219006,2.4266907416708,171.7208457733066,1422.5105267569174,18.70813366
S12000041,2009,Angus,1377.10528374152,42.2710609188282,7.22884747,539.4021826152971,918.7303400823948,24.180973355000003
S12000040,2009,West Lothian,2108.9410226662985,18.349232479998506,36.57970305618592,294.8896234105255,1769.3693645215887,23.516727188
S12000039,2009,West Dunbartonshire,879.0769285671435,2.2133165624974245,1.2881155071813621,81.440915129821,795.7601055956437,7.559739613
S12000038,2009,Renfrewshire,1887.4880107894737,4.273657094899689,2.266564759382045,165.85840688675916,1710.8110712884327,17.54897489
S12000036,2009,City of Edinburgh,5023.527004222727,14.359401580637236,5.492442502261481,241.2676536255845,4743.0126241922435,41.415436452
S12000035,2009,Argyll and Bute,1152.4335695991708,58.6207311273922,17.85793875118136,722.6353108623471,494.1742364852503,27.314773973
S12000034,2009,Aberdeenshire,3112.122159392473,121.06174292053399,67.2744648138767,2167.0706404547523,1409.5394340293094,64.96581627399999
S12000033,2009,Aberdeen City,2878.1976839059985,23.23449662896822,47.436791081456015,503.81358484967603,2306.039543345898,22.54757814
S12000030,2009,Stirling,1643.3661362305102,14.635037947137448,4.450437888,290.63361416108995,1207.2896184142828,207.48648454000002
S12000029,2009,South Lanarkshire,3299.9546226483944,39.37828480415826,33.07800466571807,663.1210224727422,2674.184580606776,39.108450199
S12000028,2009,South Ayrshire,1706.8068026143048,72.73080334080937,10.455430627099933,438.22425658829076,1249.8359102721047,16.280424696
S12000027,2009,Shetland Islands,307.8683845766118,20.30842788643232,4.542677884,354.10298670717947,0,7.562236179
S12000026,2009,Scottish Borders,1612.2716583104673,82.07459395153468,19.70004183326148,882.1155694503916,841.5997019482796,32.139224727
S12000023,2009,Orkney Islands,314.0543293910907,27.740591669752263,8.063255916,364.5516906163384,0,8.971437289
S12000021,2009,North Ayrshire,3972.8890324149265,55.30517961566979,4.326700923210009,254.74080460578568,2299.558883970261,1406.3054875899998
S12000020,2009,Moray,2030.1456509564446,65.64655467094195,10.09798218,608.6694067118273,1494.8123857806754,21.781672913
S12000019,2009,Midlothian,837.6577580330672,17.126130980691173,5.521953552,158.66094039313597,681.3248333042402,12.415611393
S12000018,2009,Inverclyde,747.7704967317442,1.7456939815130565,0.997473479590681,33.62519248679806,709.8576931288424,7.3326691969999995
S12000017,2009,Highland,3392.8234966030077,210.8271478734395,66.13008584136207,2369.1654129562994,1175.791157431906,333.52096190000003
S12000014,2009,Falkirk,16253.392864159423,15.629593484620406,614.5969626649071,14124.811092861393,1508.7611041345017,17.982418474000003
S12000013,2009,Na h-Eileanan Siar,378.5776978558553,46.330981731108736,12.39485033,475.0055384727466,0,10.563178122
S12000011,2009,East Renfrewshire,869.3283955503641,2.5062329803772845,1.286978034486363,51.81352808410975,814.2866047423906,10.486680229
S12000010,2009,East Lothian,1590.2627622095833,334.4391134332951,12.18688082283609,235.23686453192386,792.4105968615283,280.85971083
S12000008,2009,East Ayrshire,1632.563997484619,16.92597054413096,4.259674476590681,275.47064720917183,1201.7896187347255,181.17287028
S12000006,2009,Dumfries and Galloway,2273.156829000415,76.86707254443063,21.106103897704322,1357.1858684767794,1063.3766666215006,86.79985786
S12000005,2009,Clackmannanshire,891.6343717152188,4.627121638837781,1.659439122,61.399735363730855,828.3907806256502,6.985577635
K03000001,2009,GREAT BRITAIN (inc Unallocated),755566.1332254253,18985.355456694553,29798.81788311895,183523.9659360801,525363.0695255317,24150.499914
K02000001,2009,UNITED KINGDOM (inc Unallocated),776007.1176746519,21377.192091607627,30144.144540821195,208645.73119569145,525363.0695255317,25723.030841
S92000003,2010,SCOTLAND,88229.339783023,2243.359718879963,1141.0085594973348,33541.02221839524,51555.616580050446,4282.4746062
S12000050,2010,North Lanarkshire,3531.9842777179497,22.529483344836073,108.24795380777431,317.53044257680574,3077.3256487535336,49.274269745
S12000049,2010,Glasgow City,5927.794082821721,7.728916991159759,6.760446885603239,283.7648127802906,5600.624079214667,44.06209031
S12000048,2010,Perth and Kinross,1700.0581916676706,54.15796732008086,12.36646364765461,853.0237592223269,1027.4007071726082,42.061690105000004
S12000047,2010,Fife,10799.780470479047,684.8562300092641,47.17868058054185,4114.352007656225,6011.040587748016,77.959773085
S12000045,2010,East Dunbartonshire,1048.8804983036619,3.2520025297775965,1.7583452840185732,67.63714344702957,970.2865652428361,16.78176218
S12000042,2010,Dundee City,1574.770605722083,3.976877177285563,2.4635502256917565,178.43879248153746,1372.1946344475682,24.11989265
S12000041,2010,Angus,1400.544317792736,44.67517574186093,8.11017408,576.2715859321969,915.8617502446781,30.773142894
S12000040,2010,West Lothian,2274.650247025765,18.2059278699706,29.91629388896321,299.6100156961629,1934.1399906386682,30.276622342
S12000039,2010,West Dunbartonshire,906.4660733759433,2.271003157282661,1.3188323406731832,81.42584543677414,821.9213211772133,9.746580604
S12000038,2010,Renfrewshire,1906.9593385957508,4.34120743198765,2.409826711541229,166.646484585809,1725.227499666413,22.625397
S12000036,2010,City of Edinburgh,5055.414709104401,11.938888431263177,5.7448271354476095,251.13160721501836,4756.735429753671,53.403187449
S12000035,2010,Argyll and Bute,1191.7275832567818,63.445838934383914,20.243008164410465,794.2920761496788,473.3218665363086,35.416668872
S12000034,2010,Aberdeenshire,3254.2716031825416,144.0164633992083,62.69940105006313,2390.4244663714107,1383.7897876908598,84.658052071
S12000033,2010,Aberdeen City,2851.393852181429,22.510372487007317,37.0951338911779,491.5269678255886,2298.2620299356554,29.117404682
S12000030,2010,Stirling,1765.6704374949866,14.650119254794719,5.002636033,322.2873548695619,1293.0674346076298,223.46038152
S12000029,2010,South Lanarkshire,3348.5037914777363,42.00185274383607,31.227074653518972,716.2387849458314,2676.8265376485497,50.448750486
S12000028,2010,South Ayrshire,1701.006217855804,46.20202685302563,10.79813772238531,457.31413838573,1257.520264592663,20.793343412
S12000027,2010,Shetland Islands,324.43310345905104,21.240480152068102,5.161738934,376.13281988898297,0,9.756729953999999
S12000026,2010,Scottish Borders,1701.6405241706773,107.84134248541037,22.274347889606013,965.6775326123725,843.1187402772885,42.663735506
S12000023,2010,Orkney Islands,333.3768935755925,28.48144052535121,9.20027581,390.32564887224123,0,11.563257168
S12000021,2010,North Ayrshire,4190.46809844542,18.16509943858445,4.54740718676308,291.1171232296176,2174.700065870455,1755.4949924
S12000020,2010,Moray,2108.403658088753,69.07637185952811,11.44979734,655.9620966948744,1537.1861228703506,27.402967224
S12000019,2010,Midlothian,853.3689370012679,19.779241040797366,6.241501559,171.65062570840735,681.8757241470632,16.149903856
S12000018,2010,Inverclyde,745.6410708344824,1.765712033353884,1.0186503370185733,36.02103012130413,703.6401735138058,9.453736619999999
S12000017,2010,Highland,4180.380983292921,224.4470305276169,75.00552602674021,2649.203301787722,1194.804333950842,905.6550468999999
S12000014,2010,Falkirk,15290.494545920514,15.826235767703466,557.0184613594265,12959.556135410681,1766.4892327697055,23.175567732999998
S12000013,2010,Na h-Eileanan Siar,406.88782542160027,49.42643599920922,14.18083102,518.4097857513912,0,13.512360751
S12000011,2010,East Renfrewshire,861.9999181206674,2.5999273241845766,1.3220565024680968,53.942085437615816,802.7410152233989,13.513958333
S12000010,2010,East Lothian,1687.7253593361909,381.5352798452595,10.291403701155618,259.2191993567137,795.2389047030622,315.55658151
S12000008,2010,East Ayrshire,1613.4055586509323,17.497501215565077,4.72898823065461,288.19691127569297,1169.8824529490198,185.57717263
S12000006,2010,Dumfries and Galloway,2500.55455541782,89.9906840874345,23.38275392593544,1489.9197764893229,1176.4136831751273,99.01326834
S12000005,2010,Clackmannanshire,1190.68246251051,4.9265835950386645,1.844033564,73.77186243550986,1113.9800033949616,9.006316671
K03000001,2010,GREAT BRITAIN (inc Unallocated),765894.346742348,20993.781227148414,29834.96257498842,189184.719473716,526607.5084884953,29068.041987999997
K02000001,2010,UNITED KINGDOM (inc Unallocated),788756.0545826076,23777.06851683456,30205.294537434307,217220.50983484348,526607.5084884953,30983.676435
S92000003,2011,SCOTLAND,85280.94404627472,2199.10812846712,1060.001576324372,31870.512807323496,49491.063481059726,4153.4520871
S12000050,2011,North Lanarkshire,3430.9533786329066,20.543226697579286,105.79028476257834,280.98645088783104,2975.750582594918,82.83173649
S12000049,2011,Glasgow City,5703.002418336705,7.5772118252980984,6.790149038936865,250.94672241065672,5413.2467019618125,38.2799921
S12000048,2011,Perth and Kinross,1563.9852725002904,54.6851818541122,11.259257652011874,701.0117162496126,982.3865923155537,36.41465732899999
S12000047,2011,Fife,9596.338414022892,620.9287736219302,44.27268149258647,3732.8457113891686,5240.871142521206,63.498559598
S12000045,2011,East Dunbartonshire,1000.5461720317977,3.2323110863087536,1.7630562221292232,57.31264042308422,932.7558194832754,14.58039866
S12000042,2011,Dundee City,1565.5237294744375,3.925139288972836,2.5039114943694765,166.4984308336866,1377.3405312434088,20.9549597
S12000041,2011,Angus,1325.1694121784724,44.879819850521024,7.404459121,486.56059014859005,894.4333890203612,26.570907638
S12000040,2011,West Lothian,2017.8187779143655,17.57766266345873,27.813654322920506,253.62398051800253,1722.4338550389837,26.292791471
S12000039,2011,West Dunbartonshire,872.7967868183773,2.247415305520473,1.3043338431410965,69.62187235134573,799.44781480837,8.467574412
S12000038,2011,Renfrewshire,1812.1680495744472,4.3227545295312035,2.4268839653474763,151.2020065015774,1646.6497988479912,19.65675109
S12000036,2011,City of Edinburgh,4925.850263471257,12.087245240201868,5.77005474838135,233.524793249431,4648.396302706243,46.392537397
S12000035,2011,Argyll and Bute,1100.5877653410175,61.27218423728344,17.988195864023748,672.6721150970604,465.5626593776498,30.707003565
S12000034,2011,Aberdeenshire,2991.0128522064792,132.46951426147075,57.962427570016715,1956.1064078985723,1394.9090795744196,72.438070302
S12000033,2011,Aberdeen City,2882.740432988868,21.416723007631063,34.70238163460723,431.12161327279955,2391.4936812348305,26.176266929
S12000030,2011,Stirling,1686.0519457604198,14.698134730639055,4.548374572,264.8071366326756,1228.0412137151052,245.04177911
S12000029,2011,South Lanarkshire,3154.511884412419,40.45440772017212,29.25092278685404,610.3226412182594,2561.2070791521332,43.698589335
S12000028,2011,South Ayrshire,1640.3201093325986,47.18988070961351,10.255054785401578,406.8897949369688,1228.5222877816148,18.013332108999997
S12000027,2011,Shetland Islands,301.46204540925845,20.83756331455112,4.583945578,335.5970640957073,0,8.405398211
S12000026,2011,Scottish Borders,1525.2467009704646,95.102240790303,19.829093308047494,809.9125400807774,778.3855482343367,35.815080157000004
S12000023,2011,Orkney Islands,307.24398492239965,28.34543578574825,8.096059261,342.9219009126514,0,10.017111593
S12000021,2011,North Ayrshire,3981.343849385563,17.872255505061002,4.432185780147969,224.55829079838463,2066.3634253219693,1709.8360141
S12000020,2011,Moray,2075.7937008801628,68.97725465011068,10.21545985,547.884448378237,1573.411382318815,23.500206882999997
S12000019,2011,Midlothian,792.5245543148773,18.459538852170713,5.60703448,143.54668197120733,643.7649988994992,13.909853902
S12000018,2011,Inverclyde,717.2943742101451,1.755727289632383,1.0209025541292231,31.219637216162383,680.3213096192211,8.213116573
S12000017,2011,Highland,3885.6638586059416,220.332603682406,66.20829098309082,2146.1036987753387,1195.7645883651062,920.901556
S12000014,2011,Falkirk,16580.436322860867,15.43009501423333,518.7259181010762,14310.24642833078,1741.069689050776,20.132537274
S12000013,2011,Na h-Eileanan Siar,357.8936626136944,48.51195616068463,12.40486518,429.3792515370098,0,11.579449836
S12000011,2011,East Renfrewshire,829.3646793964137,2.590438619966793,1.3431032698466032,47.25078921223652,776.3602423883639,11.73919109
S12000010,2011,East Lothian,1621.0303122987996,445.47243803069466,8.709051052224698,212.3577169038751,743.640624312005,267.63353513
S12000008,2011,East Ayrshire,1534.8653830450164,17.538610639960975,4.374434967011873,264.23399504985053,1106.872372988193,182.92674311000002
S12000006,2011,Dumfries and Galloway,2344.2376533125785,83.49551022839422,20.926625602381623,1251.6206298281536,1176.4121621136487,101.00184744
S12000005,2011,Clackmannanshire,1157.165291927841,4.878873547345466,1.718522337,47.62510561225425,1105.2486041732413,7.824537758
K03000001,2011,GREAT BRITAIN (inc Unallocated),726899.0513284765,20568.930124314076,30426.002280217977,173042.62896782963,499155.3405251149,26977.263081
K02000001,2011,UNITED KINGDOM (inc Unallocated),746607.5360981586,23219.069979420612,30769.40017594614,196242.25811667694,499155.3405251149,28487.178501000002
S92000003,2012,SCOTLAND,84321.27772454897,2001.6385353034905,1054.7293272547035,31425.183109552418,49012.41895863836,4305.2845388000005
S12000050,2012,North Lanarkshire,3420.8721504982614,22.907857478993133,111.8593138514256,290.0184699268038,2933.077000239039,97.92219097200001
S12000049,2012,Glasgow City,5644.041658271917,7.270916797959639,7.554438244567725,260.7007022537172,5333.710985185673,48.68291595
S12000048,2012,Perth and Kinross,1619.4984051081371,57.55570096726721,11.2754986588087,706.7300496641537,1015.9190258529075,48.713034865000004
S12000047,2012,Fife,9175.75430376693,392.25138684924633,43.31279106982275,3881.7578114876524,4816.333766240208,147.75334212
S12000045,2012,East Dunbartonshire,997.1257370573315,3.0828226641358767,1.9641171119993144,58.70817651177498,923.8876149094214,18.5450156
S12000042,2012,Dundee City,1571.3559907422841,3.753319710717558,2.8242960739057312,162.7747123697874,1381.0536973528733,26.6501761
S12000041,2012,Angus,1367.363109322553,49.56067217880874,7.440358012,470.1195510482808,937.9868093154637,36.275196568
S12000040,2012,West Lothian,2031.476120304503,18.03254959265531,26.109752077504357,237.6388245885995,1745.7471416147437,33.742116861
S12000039,2012,West Dunbartonshire,863.7806576955592,2.1324416480894746,1.4306085288080153,65.96685674048719,791.7718799981744,10.76871209
S12000038,2012,Renfrewshire,1836.2841442796587,4.11722072723738,2.7294650960112374,162.6213402620404,1653.8657638613695,24.999559873
S12000036,2012,City of Edinburgh,4939.109331462658,11.500422730304953,6.459763433714432,241.137696912004,4641.246800848635,59.047570648000004
S12000035,2012,Argyll and Bute,1071.5665561028557,59.69837655149006,17.43848213843658,627.2039536624109,475.06315493551836,39.888006015
S12000034,2012,Aberdeenshire,2965.578679096981,133.22255934949612,56.67642947397932,1916.0530314352923,1381.8250099762136,97.043213962
S12000033,2012,Aberdeen City,2930.1393067595127,20.695303041272958,32.34999776168102,407.16474096801716,2456.3011705295417,35.664325719
S12000030,2012,Stirling,1672.8966626381318,14.424725758402596,4.545797154,263.85678429172907,1222.6302394640002,238.39046796
S12000029,2012,South Lanarkshire,3191.6709665566846,41.032790522079786,29.066921131855533,600.7757699317003,2594.2360659020487,56.459608369
S12000028,2012,South Ayrshire,1557.9551657428678,51.22068713978779,10.874918525083007,355.7475747564963,1186.1091583815007,24.29518374
S12000027,2012,Shetland Islands,277.7492598103935,19.822180265230035,4.438995899,309.6722322811634,0,11.190839655
S12000026,2012,Scottish Borders,1567.900533057488,101.6685536187277,19.27472776687316,807.1470785702211,802.7512221496662,50.124655152
S12000023,2012,Orkney Islands,298.46372591410494,26.842045219169464,7.740707705,332.1838479689355,0,13.054052020999999
S12000021,2012,North Ayrshire,3760.631088162422,11.340392254390816,4.826044281181748,214.51633095547706,2047.5217707213728,1524.0377997399999
S12000020,2012,Moray,2242.2427049616463,76.7487080147813,9.955664965,531.023909436874,1737.533802722991,34.239332222
S12000019,2012,Midlothian,791.7408715564338,18.162226002405742,5.515496192,136.22881548863853,646.4670704383896,18.013679255
S12000018,2012,Inverclyde,714.3721001766829,1.6732753603293444,1.1315238419993143,34.10909526511064,672.2268325542436,10.44552287
S12000017,2012,Highland,3832.1382121357224,218.19532109756238,63.61222027659105,2109.106238747919,1085.5058229636493,1016.74298145
S12000014,2012,Falkirk,16252.086407383635,15.0015247979096,515.6387845052625,14022.827121107643,1698.0149209848219,25.671228528
S12000013,2012,Na h-Eileanan Siar,339.90759684064255,49.92904138780556,11.76064056,405.320245620837,0,16.246022672000002
S12000011,2012,East Renfrewshire,818.5642027250082,2.5822751606654166,1.5110397352322031,46.99856361752142,762.3862148915891,14.968506517
S12000010,2012,East Lothian,1623.6077219057977,459.56536119276404,8.796045085053754,213.46335836644732,767.8794088915325,230.55799848
S12000008,2012,East Ayrshire,1532.535623039558,18.105856862986364,4.471748339808701,256.1273784313428,1106.43329323542,188.20048233
S12000006,2012,Dumfries and Galloway,2274.988154340747,85.25445468928248,20.370467076459377,1236.9754416317128,1123.4644957482922,96.999678695
S12000005,2012,Clackmannanshire,1137.8805804841961,4.28756449593355,1.772272615,60.50741470245394,1071.4688155678086,9.951120923
K03000001,2012,GREAT BRITAIN (inc Unallocated),722096.1858344262,19839.398760820895,30502.850338688186,167921.01522160353,496988.6742283135,30494.819165
K02000001,2012,UNITED KINGDOM (inc Unallocated),741233.3625718394,22655.465566060586,30851.532896298417,190453.46469816676,496988.6742283135,31981.346383
S92000003,2013,SCOTLAND,82335.60316064864,1978.1843273539214,1145.1875404844636,30183.842414383376,47210.13869602687,5399.2018594
S12000050,2013,North Lanarkshire,3423.8076033432308,21.134329754726682,111.31976774356283,261.0733299578695,2988.467397122072,77.518701205
S12000049,2013,Glasgow City,5412.272816390846,6.942876881947662,7.542502116277223,236.19024048228084,5118.33984085034,57.31191608
S12000048,2013,Perth and Kinross,1634.9014099253552,61.84785928397104,12.701591405834401,710.1404979273921,1020.8670173961576,56.75661221200001
S12000047,2013,Fife,8467.976912229915,229.13052295502135,44.02028377676126,4003.2629810479334,3904.8428556802,395.37512027
S12000045,2013,East Dunbartonshire,974.4761482771686,2.9605672234572378,2.0008617993085784,55.34453554149694,901.6278241869059,21.831052956999997
S12000042,2013,Dundee City,1521.0590829511793,3.5856700571752635,2.826880235559411,150.33383224454698,1338.7381425348976,31.37364619
S12000041,2013,Angus,1336.8659529164681,53.88128591460944,8.36207895,462.54098805922484,908.2010541226339,41.97434837
S12000040,2013,West Lothian,1969.5899031496654,18.3072814072439,26.42723028325819,217.44345685576232,1698.3611770664008,39.674274477000004
S12000039,2013,West Dunbartonshire,840.0125757611079,2.065782230143619,1.4630977283515463,59.90410514254488,772.3737296730678,12.67745596
S12000038,2013,Renfrewshire,1776.6463836574517,3.9464143414934734,2.7863995914443924,154.16398870215158,1598.6570034273623,29.430273645
S12000036,2013,City of Edinburgh,4846.034055694184,11.484876150578282,6.569028571494527,225.30612095230458,4553.862971095807,69.52197762399999
S12000035,2013,Argyll and Bute,1067.3226990149824,65.74384300000955,20.19055913087737,624.5270640201549,460.79850595394066,47.33158301
S12000034,2013,Aberdeenshire,2988.717568529678,163.21124383072222,59.96339990516569,1918.241760494157,1370.1317677146328,116.020526785
S12000033,2013,Aberdeen City,2719.5958414051297,22.900027867591675,32.01690793642258,370.52162748484807,2268.7784125482676,48.052034928
S12000030,2013,Stirling,1988.3813467611583,14.77503843948661,5.132378674,259.38105483672706,1179.4037317709447,602.5370506300001
S12000029,2013,South Lanarkshire,3100.0262010701917,44.27632556363684,30.72933332878781,581.4588880513577,2510.6571908674096,66.55158375900001
S12000028,2013,South Ayrshire,1918.2919334584178,55.12635891806979,11.424765888512233,350.9183423554659,1280.7829344163697,292.35199694
S12000027,2013,Shetland Islands,278.3444773241074,21.44507646579397,5.148022849,308.29939529631343,0,13.178321453
S12000026,2013,Scottish Borders,1582.0816818749022,137.5673151588514,22.252744981754738,800.6849237763029,779.4005297229933,61.389104235000005
S12000023,2013,Orkney Islands,303.379416205406,27.56247480840234,9.075225607,335.6495714620037,0,15.378524367999999
S12000021,2013,North Ayrshire,3687.9340375952115,8.659997684662411,5.015891976456977,204.9793553107108,1983.6223723433811,1528.38211413
S12000020,2013,Moray,2335.9864370265536,84.50167908889759,11.48340268,526.1308197323692,1786.950391975287,78.92083985
S12000019,2013,Midlothian,781.3706222356503,21.196463548786415,6.311764843,131.96675357791494,634.0051690389489,21.463354047000003
S12000018,2013,Inverclyde,710.0844169169673,1.604627494462196,1.1477827493085786,30.75324080236755,669.6291265488289,12.2968638
S12000017,2013,Highland,3830.909998253623,233.58971073118806,74.15341652860184,2084.4624813882624,1087.643568005571,1031.5937165
S12000014,2013,Falkirk,15152.423566180445,14.66184951175386,569.7349513033862,12944.761146501569,1618.8195445827353,30.202906941000002
S12000013,2013,Na h-Eileanan Siar,345.54970420428526,54.06362483190631,13.88799001,406.310023091379,0,18.955371571
S12000011,2013,East Renfrewshire,803.0959067340575,2.5841930254516803,1.5226650900632166,44.97459045768119,746.5389819108615,17.61341468
S12000010,2013,East Lothian,1663.4875165653239,462.74278976106086,9.779311076591123,211.40319247669055,746.1720496909815,291.58662211
S12000008,2013,East Ayrshire,1501.610054157317,19.456266181923272,4.9460469648344025,247.22072895807304,1080.0365135424863,192.05510709
S12000006,2013,Dumfries and Galloway,2257.4180047030363,103.17558846120836,23.30266258803588,1219.9458092176537,1139.3750063771383,68.180588859
S12000005,2013,Clackmannanshire,1115.9488938876382,4.052366515297912,1.948594102,45.547576010657934,1063.0538874796823,11.71485416
K03000001,2013,GREAT BRITAIN (inc Unallocated),710396.350766278,22385.64655286728,32540.214375758078,157471.23222350486,485636.6752441477,36930.48131
K02000001,2013,UNITED KINGDOM (inc Unallocated),730801.8490684661,25822.362982593033,32927.64321030483,180969.22658742053,485636.6752441477,38696.264034
S92000003,2014,SCOTLAND,80146.50560327823,1725.3306188671295,1117.002506050703,28012.34658497838,46653.688620382,5808.9894
S12000050,2014,North Lanarkshire,3404.4292066199287,19.574365663516183,126.40225820284778,270.25282786630544,2961.625960035259,59.091748422
S12000049,2014,Glasgow City,5459.364062987546,5.9543890775345245,8.28567558241052,264.5343394400848,5139.785600777516,54.43960221
S12000048,2014,Perth and Kinross,1597.9473507320633,59.53311718340652,11.476572518228457,676.6796123551647,997.6927095432636,53.794032032
S12000047,2014,Fife,9830.949006453746,43.22323119156084,43.42321720176329,5105.940969264525,3763.2038618858965,972.40901144
S12000045,2014,East Dunbartonshire,997.2672027093367,3.240050505682125,2.0712652210990905,59.178432852095106,920.8156966304604,20.737361301
S12000042,2014,Dundee City,1441.1528491811798,3.0710155731563233,3.013292266324126,82.53693301355045,1328.316925573149,29.801373759999997
S12000041,2014,Angus,1322.2955129147808,52.984803999309456,7.566966553,445.44475705812226,898.7130029043491,39.999403400000006
S12000040,2014,West Lothian,1925.338750016862,16.5150727406892,24.799460817922608,239.08909243091045,1635.1903875923394,37.635296505
S12000039,2014,West Dunbartonshire,806.1779958916784,1.800093173377706,1.523888913225036,65.35285741956378,733.1272132515119,12.04209713
S12000038,2014,Renfrewshire,1697.2220981012322,3.380221605194443,2.92728842053708,163.2564301259969,1511.3907764055039,27.955461753999998
S12000036,2014,City of Edinburgh,4761.002791865029,10.316203729524194,6.880089341552582,224.2280405997743,4473.287014308178,66.054326976
S12000035,2014,Argyll and Bute,1054.7629901431633,63.640787317497946,17.52449654722679,624.7549977199299,432.23312699350856,45.211570865
S12000034,2014,Aberdeenshire,2962.178743413066,160.70199355329814,57.30660138860613,1841.665870544082,1359.55251336508,111.094207662
S12000033,2014,Aberdeen City,2749.073607299467,23.03525626424644,30.432192219655395,412.61461062251414,2254.212625701051,49.988039482000005
S12000030,2014,Stirling,1991.0562077653606,14.07285690389048,4.6130771,250.684151431052,1186.774996830418,598.3196729800001
S12000029,2014,South Lanarkshire,3049.450730888334,40.47012210258292,30.051484343377126,580.0892206939872,2454.286027146387,63.296606402
S12000028,2014,South Ayrshire,1649.3160058632768,62.59990526626443,12.084592985288356,358.3222531316741,1253.36244934905,26.728897431
S12000027,2014,Shetland Islands,289.35558409185944,20.807665575919895,4.446157222,314.72071117293956,0,12.629267300999999
S12000026,2014,Scottish Borders,1552.8708591875968,137.6020852227897,19.43621326458119,763.4048793537575,764.7554520794683,59.477250567
S12000023,2014,Orkney Islands,303.2999568091296,25.398929221395004,7.711033073,332.3504186867346,0,14.602504118
S12000021,2014,North Ayrshire,3853.7718296561184,8.42901924005729,5.27089454077908,211.96887481853784,2146.8649479767446,1519.0823419199999
S12000020,2014,Moray,2397.6472829102877,83.91349223799763,9.998561336,517.4794927869737,1839.7158476993163,82.24806235
S12000019,2014,Midlothian,774.1844121776771,20.410951599967873,5.560792425,134.05367939035673,623.3546064203525,20.533717342
S12000018,2014,Inverclyde,677.8389426578548,1.3761218593408102,1.1889857540990902,31.36306084167364,637.2753262217412,11.680772860000001
S12000017,2014,Highland,3887.4819503064036,217.83010316786908,63.89980729909463,2000.6245615676241,1150.4945564718155,1051.7665616
S12000014,2014,Falkirk,12057.734799083739,12.957256099086859,559.7451017887313,9928.244662908159,1551.4946536527627,28.700873934999997
S12000013,2014,Na h-Eileanan Siar,332.279623236615,50.16730669810506,11.67267675,382.08998720051,0,18.113068988000002
S12000011,2014,East Renfrewshire,793.5591218362989,2.427831054589314,1.6015350613046575,45.50527815366618,736.6609117477387,16.751125136
S12000010,2014,East Lothian,1698.2837557937748,436.59865106663506,9.235555684750183,204.7957343491437,719.449556393246,378.96528299
S12000008,2014,East Ayrshire,1536.9546511192118,18.732571444642723,4.603857664228456,252.73847346549076,1050.07166325485,249.02365233
S12000006,2014,Dumfries and Galloway,2218.3304023568585,100.8537282795892,20.427907915272986,1183.9241553355578,1107.9042720524385,65.688438474
S12000005,2014,Clackmannanshire,1073.9282704875986,3.7114220377825706,1.821006676,44.45722908085315,1022.076877207963,11.127770989999998
K03000001,2014,GREAT BRITAIN (inc Unallocated),704274.4159051995,20720.94376614002,30307.696471987536,150731.0000667045,487507.7916403675,36925.496360000005
K02000001,2014,UNITED KINGDOM (inc Unallocated),723731.5702002955,24018.702319324966,30675.718786562407,172284.17942104072,487507.7916403675,38608.476582999996
S92000003,2015,SCOTLAND,77597.18898447118,1478.6808064580591,1041.9283520547538,28580.59408474851,44983.95644024637,4688.395628963495
S12000050,2015,North Lanarkshire,3283.687602226769,20.10433507477268,70.146187180016,289.1431581044877,2875.21044464441,61.731309243082755
S12000049,2015,Glasgow City,5288.607404399145,6.038736910567349,6.8950344578619704,282.57560417250477,4945.36884672821,61.50007725
S12000048,2015,Perth and Kinross,1562.945688003224,44.531100969943864,10.932698489019758,682.2068692582368,967.5472938016381,59.32091088438553
S12000047,2015,Fife,7635.74254950932,32.27693063554136,33.4510771396344,4142.276740383958,3246.565554496756,278.7038208434313
S12000045,2015,East Dunbartonshire,954.3254225161276,2.504273018757752,2.091105818275712,60.40819628626634,874.7514434519999,23.424804666827843
S12000042,2015,Dundee City,1467.624888639345,3.0919974481020724,2.9499122575711825,90.77207622757291,1342.787127744234,33.66594367186483
S12000041,2015,Angus,1305.3138957601643,42.894327534663674,7.28907139,458.15779642456926,875.9678367985869,43.66739281234437
S12000040,2015,West Lothian,1898.9568983465824,14.929040399949372,19.83918270916797,245.0809942702353,1604.8048617966633,42.332198890566595
S12000039,2015,West Dunbartonshire,795.0494903609078,1.650439642001954,1.4217291772954705,69.23151217243063,716.8335712031798,13.60388161
S12000038,2015,Renfrewshire,1670.0757489184755,3.4039347389094323,2.837573985229104,169.03416596032133,1475.0144027733975,31.580270390618217
S12000036,2015,City of Edinburgh,4680.898334431627,9.144344891214637,6.777945411360177,239.7049435004784,4370.650172249489,74.57091441908499
S12000035,2015,Argyll and Bute,1031.7417685200135,50.53676882920737,16.313499287911316,623.4096997165219,419.46556267515655,50.005900111216235
S12000034,2015,Aberdeenshire,2930.500158644966,125.65529784950508,45.67511404169427,1868.873374417144,1339.317282028823,120.65246610779974
S12000033,2015,Aberdeen City,2781.4883141127957,12.75314751787047,23.467498541122893,439.0836206597931,2275.6986072777245,51.87457559628469
S12000030,2015,Stirling,1912.8700966872555,11.278879259764356,4.429479872,255.93758189610887,1147.2238366837962,557.341563605586
S12000029,2015,South Lanarkshire,2981.5643708469993,35.43461892465834,22.33824723370075,603.4557961268983,2368.5485081985253,70.77048506321636
S12000028,2015,South Ayrshire,1627.7594649762746,51.41386509461489,8.744017432318316,363.1645914573491,1238.9301404392595,29.356926572732625
S12000027,2015,Shetland Islands,293.8030183259645,16.127011077388374,4.186604256,323.2658334881478,0,13.839324374428289
S12000026,2015,Scottish Borders,1501.168730665424,108.14022336787481,17.946556305822636,780.7190796176337,723.9522719119814,62.22383286211139
S12000023,2015,Orkney Islands,305.7023649758233,19.89628258541404,7.200610586,339.61326246787166,0,16.255506276537552
S12000021,2015,North Ayrshire,3586.209808761928,8.456221486092238,4.4151763915746685,221.56787538103987,2047.7767496160768,1341.8844348371445
S12000020,2015,Moray,2265.8970944671587,65.00249602769604,9.453239951,521.739324726998,1727.3608085038275,78.49695915763732
S12000019,2015,Midlothian,767.2271286216879,16.634041866312398,5.288205822,137.58626426207147,614.712754155811,22.77993116549302
S12000018,2015,Inverclyde,670.6251538957669,1.3869712664585816,1.1912193322757116,33.59073883070676,626.3512490159251,13.195281273400768
S12000017,2015,Highland,3811.713005013738,179.58121654270627,58.2682069425213,2030.0883761596037,1157.7027329071102,983.5296296617964
S12000014,2015,Falkirk,13295.245753293008,12.276332672905834,602.9511431641403,11137.101325633388,1534.0580482037867,32.37539546878611
S12000013,2015,Na h-Eileanan Siar,330.2684898451648,41.53632031802798,10.83838333,388.3827374267352,0,19.385543870401563
S12000011,2015,East Renfrewshire,787.5959184361104,2.194146495909539,1.5960426948932027,46.98273977874674,727.3918488844769,18.881334520084085
S12000010,2015,East Lothian,1490.6118796090805,442.2326962461032,7.770907156415385,213.849731380408,704.7208950479763,172.76359846817758
S12000008,2015,East Ayrshire,1467.6392666450151,14.566426052309405,4.378290869019759,262.1656227293355,999.9672696476105,224.98046235673996
S12000006,2015,Dumfries and Galloway,2190.7350601156436,79.87395220858072,19.064105532193473,1214.9483268111449,1066.3572916566482,71.13015940707668
S12000005,2015,Clackmannanshire,1023.5942180209211,3.134429307850391,1.780285266,46.47612930923308,968.9190274163157,12.570793074521925
K03000001,2015,GREAT BRITAIN (inc Unallocated),690385.620526505,17023.721588107517,28795.580559054422,156171.5014566338,473343.8349830591,37012.34037965021
K02000001,2015,UNITED KINGDOM (inc Unallocated),715667.1827063635,19839.654295740886,29115.34026467966,178424.09417375064,478916.9449841933,38827.22776799904
S92000003,2016,SCOTLAND,78384.22188705667,1598.5871303176154,961.4037515521879,29677.466488735867,44613.53685881436,4703.192599636642
S12000050,2016,North Lanarkshire,3084.615656457987,13.362186881314567,31.206680465140792,286.42191743584226,2720.018984838916,66.23499616677331
S12000049,2016,Glasgow City,5090.6411954871955,5.823892347008671,5.595074130898923,259.51977918619866,4767.374304583089,66.08604981
S12000048,2016,Perth and Kinross,1562.5056681623446,54.21856312560321,10.75634645810277,672.2835680551693,961.7301710593608,64.61337626410857
S12000047,2016,Fife,7909.421576207442,28.975443228209084,22.349062246759182,4457.7025429878295,3231.6313168325332,266.0672395621108
S12000045,2016,East Dunbartonshire,958.1674636270477,4.6568423248670365,1.996258302929936,58.10243808153834,877.0442040372759,25.17287704643647
S12000042,2016,Dundee City,1464.0060230029594,3.050952021782924,2.723842515067191,89.61255815359918,1338.0674582347915,36.176676851718405
S12000041,2016,Angus,1282.2182050354818,46.04674988547249,7.209582631,455.8092124580577,847.1758440603419,48.317926200609676
S12000040,2016,West Lothian,1916.3273384079732,14.288743088401919,12.892736917558963,237.50191863646728,1634.042061591244,45.527415534301106
S12000039,2016,West Dunbartonshire,764.7265754633166,1.6226442827080547,1.2835650970327066,67.7731771143024,687.1247068482735,14.61830355
S12000038,2016,Renfrewshire,1680.4710938433948,3.3721982113275737,2.6867506294498846,164.7297222453304,1487.4800522365563,33.93570940073061
S12000036,2016,City of Edinburgh,4645.971850013513,9.031759006100655,6.378418905065414,240.01406703127552,4330.266111080615,80.14717559045714
S12000035,2016,Argyll and Bute,1023.2002605455233,54.889323944754196,16.127974846205543,610.5866384095702,416.3870898911383,53.95078255385497
S12000034,2016,Aberdeenshire,2927.686230640638,118.25280012331994,34.69693330009305,1865.131815950074,1346.9645343527902,130.19095021436073
S12000033,2016,Aberdeen City,2695.545430757114,9.654273350640167,13.460491275720782,431.40816284747217,2213.877321524832,48.386584638449094
S12000030,2016,Stirling,1964.2798651105752,12.152998642333383,4.385863476,255.04419603217963,1175.0697002179927,581.0672243020696
S12000029,2016,South Lanarkshire,2941.633869029056,33.28817031470931,16.869887023756824,599.2556962390229,2334.735369051351,76.24466710021555
S12000028,2016,South Ayrshire,1601.6833705497436,48.70915754220378,6.443049502968745,371.8342961864494,1206.7321318938657,31.74598218425593
S12000027,2016,Shetland Islands,294.9389119746346,16.42160478834154,4.17276858,322.3696533214578,0,15.107717674835285
S12000026,2016,Scottish Borders,1540.319001049035,97.96476867600632,17.616951672561115,788.781938988556,760.4465978706681,67.2582666412433
S12000023,2016,Orkney Islands,311.2540113570325,20.719693412504103,7.197195785,342.41927603047293,0,17.514604959055486
S12000021,2016,North Ayrshire,3680.008751303387,8.849609669414182,3.7805823186201537,217.2084197838669,2091.6467775210645,1396.403657410421
S12000020,2016,Moray,2274.8952562686613,79.13136713521743,9.409027274,508.0910724853543,1707.0400858759792,106.7750717981103
S12000019,2016,Midlothian,790.2684472834588,15.68936550618953,5.25313472,136.65564614826704,637.8907688317399,24.516387037262298
S12000018,2016,Inverclyde,654.9583682717196,1.3676242275501531,1.1227147559299357,33.140456467521446,610.2092619732866,14.179418717431403
S12000017,2016,Highland,3745.876659894016,180.4364945803777,57.15717338083984,2007.0356644829908,1069.1864557892566,1028.897305660551
S12000014,2016,Falkirk,14213.678034703917,11.338152004487942,614.6296869179569,12017.284155277328,1559.0373636068625,34.82759474728411
S12000013,2016,Na h-Eileanan Siar,343.82152656008003,41.919807450054364,10.85425861,384.3792898381683,14.86404085659365,21.473656605263663
S12000011,2016,East Renfrewshire,792.7993154220969,2.1963845580763635,1.5124627570807523,47.12284359477106,731.0718978039813,20.306897449187442
S12000010,2016,East Lothian,1530.9613094235708,566.6377653591285,7.033072504473655,207.7086873486364,715.9848921948305,84.37519533650175
S12000008,2016,East Ayrshire,1356.0837999120756,15.153133625366344,4.251631037102771,263.49739100745614,998.8860727685407,112.49011782360974
S12000006,2016,Dumfries and Galloway,2266.732601890679,75.91220122567188,18.59834755438123,1233.078948148731,1122.4207753257242,77.0744743361706
S12000005,2016,Clackmannanshire,1074.5242140417704,3.452459176046704,1.752225914,45.96133994470865,1019.1305013488706,13.508295413144403
K03000001,2016,GREAT BRITAIN (inc Unallocated),682483.4189043571,16509.425486255805,24164.226712592477,156180.03914593835,469364.6767148619,38184.906904708565
K02000001,2016,UNITED KINGDOM (inc Unallocated),707583.6274151852,19132.672103811274,24451.842603823592,178309.09838752463,474859.17028082866,40178.70204919699
S92000003,2017,SCOTLAND,81421.40437891692,1503.814521355091,950.8997530539679,31386.89658827423,45821.1841207878,4870.185129445833
S12000050,2017,North Lanarkshire,3172.2835063500697,12.470792286333763,39.52202266378613,281.53200502817265,2805.3044305384274,65.6625902633499
S12000049,2017,Glasgow City,5232.4827462540625,5.671308795944243,6.547591891404664,274.83732624469195,4893.447804822022,65.6907907
S12000048,2017,Perth and Kinross,1604.7382461862837,50.17274581334381,11.587786207615098,673.4005996895646,1004.5881177314247,62.2997267443354
S12000047,2017,Fife,8995.83148258815,27.520611177092277,25.929053606287653,5512.101342188373,3341.5867247517876,184.35854974460864
S12000045,2017,East Dunbartonshire,995.5826998023496,4.7665657621113136,2.2852920450205803,60.34946328875091,911.8758372036641,25.019918691802687
S12000042,2017,Dundee City,1509.1814561142894,2.9699403736586585,3.1516244748192803,94.48499718230714,1378.2087246076826,35.95974118382177
S12000041,2017,Angus,1309.5980865821552,39.74134415263198,7.78393688,457.26527033036155,879.201629053998,45.66815066516388
S12000040,2017,West Lothian,2074.1371175863756,13.739063721487764,14.994458528382228,248.81126898524317,1779.0408986201198,45.06090535114238
S12000039,2017,West Dunbartonshire,775.006314323185,1.5875157172410164,1.4692126016356786,71.00026532449013,694.0129283758182,14.53087182
S12000038,2017,Renfrewshire,1723.038147140645,3.2834542987311055,3.0790019359256453,171.36183700674178,1523.202184377265,33.73175448198132
S12000036,2017,City of Edinburgh,4824.881157495971,8.742550680784438,7.3139776615401075,250.27030346176514,4498.649546290133,79.61305314174811
S12000035,2017,Argyll and Bute,1043.2975375494514,52.12242967398057,17.015730304335925,616.39131093592,431.4148856495142,52.48443608570061
S12000034,2017,Aberdeenshire,2954.267677260567,106.11323536442937,38.699122034129374,1874.3111260073792,1367.516485147117,124.50550550751197
S12000033,2017,Aberdeen City,2780.2377739026592,9.335560825780417,16.17035372934351,459.69491613559376,2259.6470276136047,56.36114132833703
S12000030,2017,Stirling,2059.3001916483386,11.568414235609762,4.720047456,257.6069209127288,1154.3574535169396,693.2823012570606
S12000029,2017,South Lanarkshire,3036.2296840007616,30.926329036865386,18.972866585151742,614.0027427359287,2413.999226752358,74.97826659045798
S12000028,2017,South Ayrshire,1615.9610387184136,40.771140002594514,7.262848779646434,384.01807622683043,1215.8589573063205,30.6535471530218
S12000027,2017,Shetland Islands,301.4664586773164,14.98549533841463,4.401902642,329.6015649571558,0,14.469862509745955
S12000026,2017,Scottish Borders,1549.52845994226,85.97360081963016,18.61138730867185,792.228794228537,778.8343113596511,61.92259902576994
S12000023,2017,Orkney Islands,314.5309212351919,19.94439805600851,7.526750885,345.11445663086505,0,17.156624293318384
S12000021,2017,North Ayrshire,3699.5120917897684,7.975102879116393,4.298086379516555,223.31003947178988,2062.31533282936,1438.8405120099853
S12000020,2017,Moray,2222.666448934919,70.02940497772593,9.967481219,514.2260512977779,1676.0130591180036,85.45812872241184
S12000019,2017,Midlothian,815.6665937221319,14.541796291338603,5.598272938,141.1269232350679,659.6546499186637,23.948955669061753
S12000018,2017,Inverclyde,695.2726216501596,1.3317204513490999,1.2885008640205804,34.18303236861242,649.3824930501535,14.09422491402408
S12000017,2017,Highland,3823.7900038339085,169.72622171049076,59.879855906312926,2018.7371183702155,1093.84441964709,1066.9119839997998
S12000014,2017,Falkirk,14679.541729339575,10.946876796043618,565.8639074323713,12481.262947214955,1610.0046934263437,34.55099694986087
S12000013,2017,Na h-Eileanan Siar,349.99124853243586,38.174100416147596,11.2837626,385.5892223026031,22.1930672370733,19.90355977661185
S12000011,2017,East Renfrewshire,809.5196624623188,2.0660324890825343,1.7438967022573646,47.988903701098536,746.8662930184137,20.14782015746668
S12000010,2017,East Lothian,1635.5593752414902,561.2998126959636,7.604174792294082,209.98017204268933,747.4075039228728,159.08199839767056
S12000008,2017,East Ayrshire,1420.725653831014,13.684185963016933,4.635586086615099,269.7574863938863,1033.3321678029765,136.86794087451898
S12000006,2017,Dumfries and Galloway,2295.88648549339,68.24070728402029,19.771379732183654,1243.8386972483383,1145.8500447815245,73.54137844732293
S12000005,2017,Clackmannanshire,1101.6917701270938,3.3920634555316127,1.919880191,48.511414923711854,1043.5732258679172,13.427291183933164
K03000001,2017,GREAT BRITAIN (inc Unallocated),698246.7990614757,15097.719453192993,23996.516004460675,155340.6099448941,487678.8125846894,37660.54025423851
K02000001,2017,UNITED KINGDOM (inc Unallocated),723933.0376135346,17349.238665201963,24311.746990668413,177516.9007658473,493879.03288395266,39697.128977864326
S92000003,2018,SCOTLAND,79657.92406335095,1313.7280227888368,1047.607742175036,29890.001290309512,45702.46833278257,4826.145726294991
S12000050,2018,North Lanarkshire,3223.653625444111,11.779620719722546,36.27923141551824,287.2054430259197,2849.1908327046303,71.58614389832022
S12000049,2018,Glasgow City,5287.507004173594,5.486279368684616,6.685357262237232,288.9864174553207,4928.411351527351,71.77618449
S12000048,2018,Perth and Kinross,1590.094138855806,40.1662545290854,11.728569391822917,669.6984687450906,1000.8070627798071,65.63249721
S12000047,2018,Fife,7659.528702553583,25.93553137333432,25.12398640703839,4243.553110666912,3298.3820482558003,162.57791162049674
S12000045,2018,East Dunbartonshire,985.1798028328404,3.400900967479519,2.3712107609312136,58.72131847262936,902.1216866288004,27.33465072
S12000042,2018,Dundee City,1491.8347750263451,2.8720899392014747,3.2695866466853456,93.14500214960584,1358.8976370998523,39.29022869
S12000041,2018,Angus,1301.8551914338318,34.116612749079046,7.893843299,450.03837580951296,883.3477321462398,46.91160273
S12000040,2018,West Lothian,2073.3986801555934,12.103157709733052,14.382375662500813,240.08220948217144,1785.4794221911882,48.9894734
S12000039,2018,West Dunbartonshire,755.25081054487,1.5396848461238803,1.5109768667541317,68.59745030519203,675.3620070708,15.87696732
S12000038,2018,Renfrewshire,1732.158660703024,3.176623369733322,3.1940631935280477,170.8124793972702,1529.8174960724925,36.8553141
S12000036,2018,City of Edinburgh,4802.581041791675,8.385971391886516,7.580103039343138,249.40137810525985,4470.147807435185,86.9188697
S12000035,2018,Argyll and Bute,1058.0566421454996,45.064363019552374,17.049867772751757,616.1902785112908,450.3533140819046,55.89934956
S12000034,2018,Aberdeenshire,2937.4574279496405,91.17933344167965,37.86024214494628,1853.6971971824032,1383.5175814806116,129.8307677
S12000033,2018,Aberdeen City,2729.8676001752196,8.82037951658053,15.247556279254045,451.35239663714214,2225.6932610713466,49.83838240089628
S12000030,2018,Stirling,2052.2427357140837,10.502894174677822,4.779638878,254.45473776084356,1144.7551377722802,700.1886413882821
S12000029,2018,South Lanarkshire,3049.451338893465,28.558603486305078,18.63848056922778,601.7042835292532,2436.723258288679,80.89864562
S12000028,2018,South Ayrshire,1469.9018780790238,36.39761597567983,7.148024451121198,351.3465817759518,1105.4733911862709,32.35118426
S12000027,2018,Shetland Islands,293.0046736090157,13.411118903449394,4.416176187,322.25583126856634,0,15.11755887
S12000026,2018,Scottish Borders,1513.981285227393,74.2446617978475,18.640467566232466,785.8735095847103,762.4243171286028,61.41668775
S12000023,2018,Orkney Islands,310.7658453810281,18.172728784168328,7.5200088,342.1022565768598,0,18.42555417
S12000021,2018,North Ayrshire,3553.4427153908077,6.726756635240843,4.37084531849927,218.4470207597148,2066.501423010328,1294.768247657025
S12000020,2018,Moray,2226.9401102928528,55.71338198406059,10.0196265,506.28265402010703,1740.2981273192217,48.078178669463284
S12000019,2018,Midlothian,810.3656493436124,13.38142254486962,5.643315556,137.69697352975143,657.3175370629913,25.6350758
S12000018,2018,Inverclyde,671.9965120998233,1.2885487361400352,1.3354732679312138,33.78789609126922,625.2238685604829,15.39938025
S12000017,2018,Highland,3744.4726303868333,154.19054301577756,59.700280075094994,1997.0730086563908,1064.8510573841522,1055.7497032554177
S12000014,2018,Falkirk,14719.555735138512,10.491595761353068,668.0494795970016,12404.278246253818,1622.266237476339,37.66528215
S12000013,2018,Na h-Eileanan Siar,341.4047356655083,34.49613249781291,11.24134985,380.16536340461835,23.110820573077056,19.92322694
S12000011,2018,East Renfrewshire,818.2295896380001,1.9336281244704696,1.8133396480952948,47.35990383676157,754.5011719006728,21.96664913
S12000010,2018,East Lothian,1668.9758489689773,484.25199849705996,7.606306194285363,220.73423559947213,746.0074330438936,260.3521862242664
S12000008,2018,East Ayrshire,1404.6377840769317,12.23347603922301,4.710986477822918,263.88339896084494,1023.7522468744687,137.75341512457203
S12000006,2018,Dumfries and Galloway,2270.2662194267573,60.62611600171786,19.836976697932794,1234.7272527512212,1134.7539881358855,76.46687704
S12000005,2018,Clackmannanshire,1109.8646721674163,3.0799969269540406,1.959996352,46.346611233655146,1052.979076754807,14.67088744
K03000001,2018,GREAT BRITAIN (inc Unallocated),700242.4092198442,14178.169543759703,22766.33886192269,155897.48244001353,489913.0359206061,39091.5396635421
K02000001,2018,UNITED KINGDOM (inc Unallocated),725129.3519589811,16197.807912803011,23083.33261162812,177776.94201561573,495840.3936489911,41152.15651994321
NA,NA,NA,NA,NA,NA,NA,NA,NA
