LA Code,Year,Coal - Industrial & Commercial,Coal - Domestic,Manufactured fuels - Industrial,Manufactured fuels - Domestic,Petroleum products - Industrial & Commercial,Petroleum products - Domestic,Petroleum products - Public Sector,Petroleum products - Agriculture,Sales (GWh) - Non-domestic consumption,Sales (GWh) - Domestic consumption,Bioenergy & wastes - Total,Bioenergy NonDom Split,Bioenergy Domestic Split,Total
S92000003,2013,1320.3025142985618,626.36904486,678.6576675470388,337.02328165,21439.310639384672,3581.7751582,119.52719934934495,2709.4307435,19137.227054988267,28073.055931,5399.1994787,1526.9874652558622,3872.212013444138,83421.87871347788
S12000050,2013,8.96957862227166,12.087741588,60.33064828137406,7.2608685235,174.51524191960033,35.763828121,0.622584124750717,25.055292699,1007.9654912643599,1980.502698,77.518701402,21.923636241027854,55.59506516097215,3390.592674545857
S12000049,2013,0.14722249483344138,6.7959692636,1.634160402364388,4.6634414079,215.26313284826082,14.113378428,1.5375747999477587,3.6950786805,2211.66467681684,2906.67652,57.311927174,16.208809240999976,41.10311793300002,5423.503082316246
S12000048,2013,38.39560283622259,23.05086099,0.09849428154373027,12.541179843,107.37456489763653,227.43909085,0.39846369691426103,153.49824541,333.8702278531175,686.99706,56.756487573,16.05172126679571,40.704766306204284,1640.4202782314346
S12000047,2013,188.72102529408997,24.847390307,12.469877074757745,14.241283656,3929.898200320511,108.71907476,0.4708916557544754,84.228109378,1604.1155237607018,2300.728367,395.3750968,111.81895006281333,283.5561467371866,8663.814840006815
S12000045,2013,0.10945252531813789,2.8453972886,0.03554433691843487,1.9024642191,29.992041947752053,9.3084264013,0.03520210498126882,8.4708426401,136.02160913990988,765.606454,21.831057034,6.174202411989838,15.656854622010162,976.1584916379798
S12000042,2013,0.03433354734692425,3.5510880692,0.16958295538060003,2.4696735194,146.092772890484,5.8191921731,0.10294932816462005,1.0296957886,583.0950273266174,755.64347,31.373652311,8.873014232422383,22.500638078577616,1529.3814379092935
S12000041,2013,38.349844856151286,15.251557007,0,8.3620789498,113.70210708768369,138.11573089,0.08272541608130883,79.330922461,349.2237787688484,558.977516,41.974215708,11.871037827536252,30.10317788046375,1343.3704771445648
S12000040,2013,6.370794283438279,11.889793452,7.108866451037249,6.747714905,136.63158439983965,30.654614593,0.15657113248097615,27.283537572,652.4323359781158,1045.929291,39.674264803,11.220571732239382,28.453693070760615,1964.879368569912
S12000039,2013,0.19508695655637326,1.854637798,0.13403861846216517,1.2042885934,36.999622785199996,8.4850665604,0.765311714656922,7.3311589176,273.2874494319559,499.086485,12.677458416,3.5854056085357793,9.09205280746422,842.0206047922313
S12000038,2013,0.08711040326429148,3.8536007442,0.15095646291054257,2.5735243487,118.9366817810202,12.366206633,0.10533974165452173,17.329503703,555.4077065756616,1043.24972,29.430279311,8.323394566947236,21.106884744052763,1783.490629704411
S12000036,2013,2.312180322634498,9.0517646756,0.26807723692433033,6.0514102904,182.41194617141088,20.769052524,2.0592358308460468,9.8284955201,1795.7664459598504,2758.097732,69.52198738,19.662026511103615,49.85996086889638,4856.138327911766
S12000035,2013,26.89684545071564,38.323161753,0.19698857360910918,19.869736013,170.31373302697935,151.2825684,50.7652101295848,110.76893612,135.3734350204162,325.425193,47.331508103,13.386173241063373,33.94533486193662,1076.547315590305
S12000034,2013,104.86105853663986,57.755664021,12.82326699403065,30.785036414,321.7647040587974,638.89932793,0.6814418912252289,336.4974198,341.07018512421615,1029.061946,116.02016413,32.81251915998741,83.20764497001258,2990.2202148999095
S12000033,2013,16.642224042135197,5.3598061031,10.351005294931694,3.5013126926,315.89044043408444,22.706073497,16.92642477439427,10.851352799,919.8112633395933,1348.96775,48.052024715,13.58994786346305,34.46207685153695,2719.059677691839
S12000030,2013,5.096006881744999,9.4369206307,0,5.1323786735,55.68029035997865,72.864424387,0.752350930809831,60.244855506,685.3132303310716,494.090814,602.53704541,170.40795016429036,432.1290952457096,1991.1483171108052
S12000029,2013,17.351685584628562,26.818391221,8.353683212991584,14.674595766,209.17387833579062,133.69901696,0.38110733298811406,116.76218748,657.6681261784438,1852.98973,66.551535679,18.82193113558193,47.72960454341806,3104.4239377508425
S12000028,2013,41.81817008092632,11.385434277,3.187361483099236,6.1931983309,115.16444714070482,72.330828043,0.10465837395968038,97.606561635,595.5122927699572,685.270981,292.35192329,82.68220577298622,209.66971751701377,1920.9258564245472
S12000027,2013,11.301075290632715,9.9053076578,0,5.1480228494,112.88221032025379,69.733484768,0.4301913418338766,61.987888289,0,0,13.178289479,3.727049338949664,9.451240140050336,284.5664699959204
S12000026,2013,95.9351737464164,41.65858587,0.39397714721821836,21.61109874,104.02932745484804,219.23040239,0.21259968903628956,263.90993896,267.730814200512,511.669922,61.388731146,17.361800270153097,44.026930875846894,1587.770571344031
S12000023,2013,9.415522147332165,17.769899518,0,9.0752256071,54.496927381915306,84.291149025,0.687425668609014,114.89505391,0,0,15.378506587,4.349308982811987,11.029197604188013,306.0097098449565
S12000021,2013,2.6117840351803765,5.9827755314,0.8666475612258309,3.6539039564,80.63107620611483,42.750040797,0.10705671517639863,43.481641519,1204.3915230687303,779.231375,1528.3821128,432.25302891176005,1096.1290838882398,3692.089937190228
S12000020,2013,62.55688461356314,21.899008182,0,11.483402675,138.73473385467403,152.01473819,3.822444915205555,87.71152664,1354.6134306158788,432.337435,78.920599105,22.320117280207278,56.600481824792716,2344.0942037913214
S12000019,2013,9.189279327241586,11.878344333,0,6.3117648434,46.595250933303,33.585497976,0.049611079950719054,20.872414638,150.8619410169281,483.143396,21.463327204,6.070202023927519,15.393125180072479,783.9508273518234
S12000018,2013,0.04442129514459363,1.5574390909,0.03554433691843487,1.0493851693,13.46292703670725,5.3581132752,0.24269062694905777,7.1189435397,189.32222107565983,480.307083,12.296866805,3.477767685234145,8.819099119765855,710.7956352514791
S12000017,2013,90.9584141782394,140.50788105,1.5759085783512248,71.586831543,426.30902924567755,680.57252031,35.712204363621375,285.66891162,513.82072127655,573.823135,1031.5934713,291.7525655662867,739.8409057337132,3852.129028465439
S12000014,2013,2.510305141282527,12.084400335,556.7520458941209,6.634727664,13666.972328351172,25.782813443,0.5945784588766366,21.796259667,707.0487046077127,911.771269,30.202908789,8.54190761371417,21.66100117528583,15942.150341351165
S12000013,2013,26.328638055260292,27.503722593,0,13.887990005,81.81439512160827,147.66957795,0.4032993044655907,33.543227508,0,0,18.955280255,5.36088275011578,13.59439750488422,350.10613079233417
S12000011,2013,0.5650089549571439,2.0205042183,0.061775422341016704,1.3980356709,10.924981797190526,10.154121518,0.0525762572459352,14.34954857,95.18603873661158,651.353141,17.613415809,4.981380159556214,12.632035649443784,803.6791479545462
S12000010,2013,440.8522848401385,15.068027199,1.1423294015344057,8.0178044102,62.42174239286102,58.208689876,0.25698418434300213,35.850671006,211.92825747447466,534.24399,291.58632784,82.4656820716081,209.1206457683919,1659.5771086245518
S12000008,2013,10.747297525030373,8.5523924094,0.09849428154373027,4.7856353989,76.50973925290224,42.124226729,0.4029430758685849,90.577688352,321.993766828811,758.043033,192.05507625,54.31651399979767,137.73856225020234,1505.8902931034559
S12000006,2013,60.34173463822167,42.407694558,0.41839327190290687,22.256672829,167.34394595131812,296.58663122,0.5833858851873645,468.51114497,528.4625643572124,610.912744,68.180380004,19.282596624408622,48.897783379591374,2266.0052916848426
S12000005,2013,0.5864679966750053,3.4138831093,0,1.9485941024,16.37664029864155,10.377249522,0.021164742144511823,9.3436887125,754.1988361698036,308.855333,11.714856574,3.3131650749965154,8.401691499003485,1116.8367142274647
S92000003,2014,1181.6284761670763,535.05260516,815.764905228145,300.17143393,20070.0540503291,3172.7205451,132.77521043522657,2734.639022,18954.175563959037,27699.513061,5808.9893066,1699.5641098054766,4109.425196794523,81405.48417990858
S12000050,2014,9.125176152611647,10.329749032,118.9944723862704,7.0460820898,191.6766922043436,32.644644699,1.070409334134594,25.303834754,1007.5210323649245,1954.105008,59.091864354,17.288792686095316,41.80307166790468,3416.908965371085
S12000049,2014,0.14369028311090437,5.8108485087,3.3515356557662535,4.923838992,247.23645953274652,13.763633217,1.7719362144834956,3.7286126109,2297.9810560090186,2841.804587,54.439726585,15.927694228386041,38.51203235661396,5474.955924608726
S12000048,2014,39.18183534446749,19.691122066,0.20025362166421695,11.275804,126.14425607437133,201.29196941,0.6820170849773635,155.0201935,315.78913272589205,681.903607,53.794007667,15.738773120060305,38.055234546939694,1604.9741984943723
S12000047,2014,21.122311301095802,21.229851744,29.92990959697413,13.351192166,5151.02648192561,97.393087531,0.8032337273287243,85.122050677,1513.3785558949876,2249.824901,972.40916657,284.5024551294166,687.9067114405833,10155.590742133996
S12000045,2014,0.7397362281216066,2.4326574972,0.09209284794447316,1.9786574663,35.222565819503686,8.8185669168,0.05942138683729118,8.5503563918,161.67456695845271,759.141113,20.737408492,6.067243946091396,14.670164545908602,999.4471430049598
S12000042,2014,0.03422643106683857,3.0365186843,0.38443931746341425,2.6273082374,74.89115333360618,5.6304616147,0.13683883019809498,1.0469407177,584.019181065504,744.297671,29.80144105,8.719151810370391,21.082289239629606,1445.9061802819385
S12000041,2014,39.56787543579547,13.028952336,0,7.566966553,128.75214540007124,122.46390326,0.14094708295890535,80.18335151,337.40852886925614,561.304503,39.999332666,11.702798305733657,28.29653436026634,1330.4165061130816
S12000040,2014,6.263129218526471,10.158379993,18.418569980200132,6.2779101926,165.99782047933755,27.95863102,0.26665216093082345,27.542538427,601.9533764636004,1033.236685,37.635364937,11.011160828559794,26.6242041084402,1935.7090578721954
S12000039,2014,0.1985726272047989,1.5854125322,0.29234646951894117,1.2305126385,44.62321026821221,7.6976588525,0.7937708245844143,7.3964057879,243.36365498120387,489.763625,12.042124634,3.523222673262204,8.518901960737795,808.9872946158242
S12000038,2014,0.0806315362826554,3.294598735,0.25204795169415384,2.6747241311,130.40563396005348,11.750154135,0.17965638550093357,17.488527682,489.4627745534281,1021.928041,27.955525624,8.179083402222103,19.776442221777895,1705.4723156940593
S12000036,2014,2.4550315936890748,7.7387548182,0.5846929390378823,6.2933367944,183.93678806212617,19.889453446,2.217608565580647,9.9334008066,1761.010262150981,2712.27671,66.054473131,19.32587682645705,46.72859630454293,4772.390512307615
S12000035,2014,30.207470227915618,32.731938782,0.40050723282780454,17.122959497,212.72772608131166,128.63826037,56.379849867936386,111.78653903,116.3162668652368,315.916885,45.211570909,13.227768069319476,31.98380283968052,1067.4399738632283
S12000034,2014,110.64945715572114,49.334010849,29.975931894314495,27.196274006,388.8365181465559,568.25841078,1.1623340536918065,339.67527543,321.8005217064347,1037.751808,111.09399838,32.50330866454065,78.59068971545935,2985.734540401718
S12000033,2014,17.535151567300186,4.5818767754,26.692525117358514,3.5908579125,365.353368193833,21.280756672,17.233176155291556,10.959636821,900.7566071568017,1353.455988,49.988099541,14.625260163715655,35.36283937728434,2771.428043912485
S12000030,2014,5.726954858889013,8.0614475785,0,4.6130770998,65.94816303309398,63.446742835,0.9507714026768115,60.840827622,697.942769012788,488.832182,598.31970851,175.05329225129037,423.2664162587096,1994.6826439527479
S12000029,2014,17.456620522206,22.909991103,16.730852472756542,13.257244805,239.26338527401822,118.85846963,0.6359127044569436,117.836303,624.2680243615222,1830.01839,63.29667991,18.51901591945708,44.77766399054292,3064.53187378296
S12000028,2014,50.08667046263381,9.7259628699,6.500208645796262,5.5673925317,140.87540004444602,63.823771944,0.1795071876789501,98.477043271,583.683729878128,669.678716,26.728878088,7.820197197147104,18.908680890852892,1655.327280923283
S12000027,2014,12.104143814977608,8.4602250432,0,4.4461572224,133.17218227050265,63.264204752,0.7448462241453037,62.557749357,NA,NA,12.629253484,3.6950018018892132,8.934251682110785,297.37876216822553
S12000026,2014,102.0462636625645,35.580802857,0.8010144760664895,18.633139175,120.51485751513867,191.84885146,0.4056783627260082,266.28343635,259.8490122097758,504.906446,59.47691336,17.401448336945,42.075465023054996,1560.3464154282715
S12000023,2014,9.802889194893426,15.176555812,0,7.7110330734,65.64608020413465,76.773599528,1.194546466759017,115.92600516,NA,NA,14.602514456,4.272328312626755,10.330186143373243,306.8332238951871
S12000021,2014,3.2328798396487484,5.1130019422,1.6797204472227587,3.5870527161,98.44342600391309,37.898279823,0.18262572274082237,43.868333844,1383.2511149561228,763.61341,1519.0824019,444.4452888169375,1074.6371130830623,3859.952247194948
S12000020,2014,64.92350869799091,18.704739422,0,9.9985613358,163.93927913823725,135.74105423,3.9878446361090703,88.535112092,1400.3719947065954,439.343732,82.247861323,24.063654765900264,58.18420655709972,2407.7936875817327
S12000019,2014,10.135116388289715,10.146191137,0,5.5607924253,57.02418728689487,29.757551535,0.0851810533420085,21.060286948,147.52196005810657,475.832636,20.533724254,6.007651062998193,14.526073191001803,777.6576270859332
S12000018,2014,0.04213201546011902,1.3315695813,0.09209284794447316,1.0963779986,14.69091133738298,5.0690322383,0.3076033407277356,7.181764799,171.4299456933434,465.845373,11.680800107,3.41750820803089,8.263291898969108,678.7676029590586
S12000017,2014,95.28139216726134,120.00116283,3.204057904176209,60.687510949,512.4995611043947,597.23671873,37.329655017457334,288.27113156,573.917784291285,576.576804,1051.7665117,307.72041758618263,744.0460941138172,3916.7722902535747
S12000014,2014,2.566015994096003,10.323395586,553.6823814253319,6.0107151526000004,10523.931896318705,23.464652435,0.9689148858072352,21.995332261,643.721725837869,907.7729,28.700934611,8.397171316412663,20.303763294587334,12723.13886450741
S12000013,2014,26.449535845266794,23.488934596,0,11.67267675,93.96109276665513,129.77183182,0.6929110304070887,33.846726826,NA,NA,18.11300023,5.299408121965425,12.813592108034575,337.996709864329
S12000011,2014,0.7020131557696716,1.7276834968,0.1179900130043161,1.4830294205,12.963322784642116,9.4228677063,0.08910510913034145,14.487017915,91.0887071119069,645.572245,16.751160096,4.900967964327438,11.850192131672559,794.4051418090532
S12000010,2014,427.55338791632164,12.870802676,2.157919175230092,7.0724831667,70.97074085450154,50.789386177,0.4504026983031265,36.202780386,190.7714193389432,528.678135,378.965084,110.87564835143323,268.08943564856673,1706.4825413889996
S12000008,2014,11.26499179491189,7.3065960901,0.20025362166421695,4.403089146,89.96260707521652,38.25866018,0.638313785761674,91.402283671,308.36236232838206,741.709297,249.02366619,72.85805898589626,176.1656072041037,1542.5321208830364
S12000006,2014,64.21699014939516,36.222060483999996,1.0290892633061088,19.393669616,201.87431488119603,260.52971958,0.9978907008066922,472.69933754,505.8238303307484,602.080431,65.688313641,19.218747772705544,46.46956586829444,2230.5556471864525
S12000005,2014,0.7326750292551434,2.9168096522,0,1.8210066757,17.541816954062845,9.2855586346,0.035648470720135224,9.4298855158,719.7356660777959,302.341232,11.127796294,3.2557132066022363,7.872083087397762,1074.968095304134
S92000003,2015,941.0511571740502,538.6591678,754.9528908723659,286.9691225,20199.737787224618,3178.012509,141.8914908847246,2848.066777,17691.56451607584,27315.375808,4797.41040624799,2203.5128027470796,2593.89760350091,78693.69163277959
S12000050,2015,9.60812320575955,10.39891105,63.141113131262685,7.002923567,206.5094520660406,32.75961926,1.4502201394718908,26.34383162,946.9597825909792,1929.480899,59.15448015760988,27.17041973256675,31.984060425043126,3292.809355788124
S12000049,2015,0.18929485841832705,5.849396562,1.832903017090359,5.062070206,254.32271566260707,13.88393776,8.787427699502555,3.883757264,2143.3056340753055,2804.8476746,58.89447684454364,27.05099683967604,31.843480004867594,5300.859288549467
S12000048,2015,24.637299896100274,19.82376625,0.10403613055682086,10.8286593,121.98773553945648,201.6488583,1.0212994424009085,161.3937082,295.60061511206175,672.33070642,57.09215031357969,26.223164895063274,30.86898541851641,1566.4688349041558
S12000047,2015,10.7878330545824,21.37241588,20.378996751299038,13.07123547,4050.900326240198,97.65664825,1.1982324853253834,88.58603769,1039.3041871954968,2208.6115728,283.9126678727955,130.40476956172367,153.50789831107178,7835.780153689697
S12000045,2015,0.05394003596561813,2.448826093,0.06856666471020992,2.022536096,35.37448939218924,8.892317364,0.09304092989778534,8.904543343,128.54606119062277,746.37238206,22.43268986664463,10.303625317698309,12.12906454894632,955.2093930360302
S12000042,2015,0.03530852500373183,3.05664212,0.241169449208005,2.708733624,81.85385617451904,5.680797999,0.4235856167416241,1.085663105,612.4141384049758,731.16860339,32.23968292474629,14.808104386621576,17.43157853812471,1470.9081813331945
S12000041,2015,29.528562993371615,13.11667895,0,7.28907139,136.06868309227113,122.7069813,0.20743424593299262,83.44046021,322.8066359435638,553.5805731,42.13753534070379,19.354316336689216,22.783219004014573,1310.8826165658434
S12000040,2015,4.694135385140405,10.22663746,13.71333219716985,6.125238263,167.93931802459957,28.08944163,0.3945060000636002,28.68172968,593.4611752027608,1012.1146779,40.57157002821302,18.63504816437749,21.936521863835523,1906.0117617709473
S12000039,2015,0.05155932500438316,1.595971944,0.1726027952670308,1.249120266,47.52877167207915,7.717676246,0.8023681637228848,7.704977367,235.53312792713044,481.60643467,13.02752007224919,5.9837088838302215,7.043811188418968,796.9901304484531
S12000038,2015,0.08198664995391014,3.316498083,0.1042694639969302,2.733301452,133.23686277168315,11.84938161,0.2632640580613288,18.21520558,471.8912563990092,1003.7362007,30.24243205887002,13.890741167597334,16.351690891272682,1675.6706588265745
S12000036,2015,1.3063594807535024,7.790190715,0.3452055905340616,6.432727578,195.5977632259696,20.06168936,2.9663196157274276,10.3371475,1705.6348102736208,2667.2312259,71.4204002523286,32.80431587182239,38.61608438050621,4689.123839491934
S12000035,2015,17.481112729040884,32.95303329,0.20807226111364172,16.1054209,209.40623489305221,128.0214374,51.32441809930721,116.4311635,108.06709704905732,311.53886029,48.08183951539732,22.084612317892166,25.997227197505147,1039.6186899269685
S12000034,2015,75.97702456024825,49.66672975,19.776713819277344,25.89760119,392.51633781637025,569.7753171,1.7616777000738217,353.7362062,302.61203858709393,1037.0983795,116.4085314882304,53.46794786396323,62.94058362426715,2945.226557711294
S12000033,2015,7.985923960987043,4.6123808,19.816115024487264,3.650498797,385.7829017307007,21.45236033,17.605939989256104,11.40970137,923.3802030512132,1353.5180082,50.74534794629321,23.307996275216347,27.437351671076854,2799.9593811999375
S12000030,2015,3.0579590966641526,8.115752631,0,4.429479872,67.68378359954242,63.37487155,1.1871941966303237,63.34256885,663.7742547951926,484.3119201,583.0235887561012,267.7902937915143,315.23329496458683,1942.3013734471308
S12000029,2015,12.358721058053796,23.06426683,9.57747244429752,12.76039792,253.96500800482914,119.0853287,0.8628028921590006,122.7310967,567.9089816055517,1801.3773219,67.90621900449007,31.190206859864396,36.716012144625665,2991.5976170593813
S12000028,2015,39.46548492908034,9.791480068,3.3977228856054205,5.346193525,139.09229894810008,63.88679759,0.26178357997955704,102.5844163,584.6704097419178,655.01930164,28.264163224382568,12.982096641710735,15.28206658267183,1631.7800524320658
S12000027,2015,7.565450136009391,8.517363745,0,4.186604255,136.21308513109574,63.62984878,1.0347520860783646,65.15682836,NA,NA,13.33471252960589,6.124806362547332,7.209906167058556,299.6386450227894
S12000026,2015,72.38331721829148,35.8211332,0.4161445329965191,17.53039953,125.00766683505027,191.8517024,0.48780911037024416,277.3779195,227.5179534266843,496.72989697,60.47295586854731,27.77601272193825,32.69694314660905,1505.59689859194
S12000023,2015,4.551463637031697,15.27915403,0,7.200610586,65.60538324658177,77.27270415,1.68297855318569,120.7575017,NA,NA,15.609956634023908,7.169855480490308,8.440101153533599,307.9597525368231
S12000021,2015,3.3058342079151024,5.147198573,0.8326390553839665,3.582512829,104.72812384268516,37.93829591,0.2666646606132879,45.69870012,1303.9839057063862,745.48690685,1405.7536679551195,645.6808866745203,760.0727812805991,3656.7244497101033
S12000020,2015,46.22360412551782,18.83100473,0,9.453239951,160.8405887979639,136.1846677,4.083540951989779,92.20268644,1289.9641425264222,439.07251507,79.33292572802516,36.43864141650636,42.89428431151879,2276.188916020919
S12000019,2015,6.4017489283584315,10.21463129,0,5.288205822,58.76488359137603,29.79894331,0.11762280534809766,21.93762746,141.77367066184598,473.12326785,21.889968640455976,10.054346421593902,11.835622218862072,769.3105703593845
S12000018,2015,0.04390340983428364,1.340414859,0.06856666471020992,1.12264961,16.292131924857546,5.111228495,0.3876857309664963,7.481714769,163.48443159539573,463.07920721,12.636287596625433,5.804010735061329,6.832276861564103,671.0482218653897
S12000017,2015,57.92308112548386,120.8125137,1.6645781104476052,56.60357985,520.5055337742882,597.5475118,38.136925641124364,300.2620555,577.715719814269,580.73754894,1021.8043912314415,469.3280055942911,552.4763856371503,3873.7134394870545
S12000014,2015,1.8712489816891857,10.3928995,597.1577539455886,5.793079962,11621.616384682768,23.56669873,0.9606053087915957,22.909861,641.8673916577401,893.02453463,31.01319601146704,14.24476304473996,16.76843296672708,13850.173654410044
S12000013,2015,17.86934694259866,23.64782468,0,10.83838333,96.99046074739157,129.8817949,0.9913676504134015,35.25586487,NA,NA,18.77770579698243,8.624843744029258,10.152862052953171,334.25274891738604
S12000011,2015,0.45568303967952783,1.7391375,0.06868333143026459,1.527356305,13.49920382303676,9.481352267,0.1335598063214083,15.08540965,93.2222327898226,634.29072516,18.086879715379787,8.307538367507686,9.7793413478721,787.5902233876703
S12000010,2015,434.40238854382676,12.95761457,1.0410613283244443,6.729815195,77.69138642688114,50.7509161,0.6106664209301533,37.69329109,181.6496538011043,523.30723016,178.76212057764778,82.1077598085116,96.65436076913616,1505.5961442137145
S12000008,2015,7.189978903548509,7.355733398,0.10403613055682086,4.27425168,93.78077258744909,38.45682246,0.8323199806950595,95.20430234,273.274868994462,727.04742399,233.70807473365187,107.34514898085052,126.36292575280132,1481.2285851983634
S12000006,2015,43.37260676189501,36.46656382,0.7211360797435667,18.34293884,209.52543495359984,260.6928922,1.5028705704417944,492.4093513,477.1755443978032,589.80166691,68.63403767033287,31.524503409972812,37.10953426036005,2198.6450435038164
S12000005,2015,0.19087179221687275,2.936401783,0,1.780285266,18.910212020459102,9.30366815,0.05060673973310619,9.821448659,674.064592091907,295.73014221,12.038230140488292,5.529315191052785,6.508914949435505,1024.8264588528043
S92000003,2016,931.4412117597764,521.08050924,710.0115150265422,284.86649255,21728.381237082736,3225.4144329,127.46736490126484,2854.9576953,17177.442850033403,27458.973927,4768.4891235514315,2253.5922624488344,2514.8968611025975,79788.52635934515
S12000050,2016,2.439428729529256,10.062467988,36.972208497581164,6.8611246406,213.04424728428,33.214914213,1.3840171761287663,26.425416568,780.3697858336603,1940.6886324,63.50715163062089,30.013537163809467,33.49361446681143,3114.9693949614
S12000049,2016,4.53618661140808e-4,5.6623853599,1.0597870449363136,4.9046234292,261.1026704957997,14.02805577,3.129955177421454,3.8916711771,1955.623095324987,2814.3560496,63.33630068600346,29.932792853222647,33.403507832780825,5127.095047684009
S12000048,2016,27.14663673413718,19.177368852,0.05550776736414216,10.732765015,121.90382519156873,204.62850266,0.9372725586437619,161.91734464,285.6319804563316,676.47864519,62.26102780625969,29.42461792002559,32.83640988623411,1570.870876871305
S12000047,2016,6.348213905816823,20.678305262,13.61392435594915,12.871229369,4433.508992743954,99.040739869,1.1149145393976196,88.95147029,1011.1319458671255,2221.8461734,268.23555287326394,126.7683643196954,141.46718855356858,8177.341462475507
S12000045,2016,2.0118911940199786,2.3703419103,0.04824577182471342,1.9633100066,36.349765714908074,8.9805668972,0.08494277307870408,8.9264441452,128.53825319407562,748.67716056,24.125887032957618,11.401915980820112,12.72397105213751,962.0768092001647
S12000042,2016,0.005828462618529016,2.9590447415,0.151999311013569,2.6220647588,83.7395786456437,5.7372736164000004,0.45895279907138914,1.0978227586,603.5890175040198,735.28240617,34.6715130614867,16.38578835733343,18.285724704153274,1470.3155018291536
S12000041,2016,24.702617717209147,12.689228278,0,7.2170338439,139.24041756925936,124.49982721,0.1895828556928589,83.805134791,288.94713158474417,558.61358276,46.71923155537893,22.079550988331366,24.63968056704757,1286.6237881651846
S12000040,2016,3.317687360170558,9.8942498421,9.649154561046656,6.038481673,173.1168341684494,28.444735015,0.3645434352181036,28.756695902,613.1926007568937,1021.666218,43.66695543127466,20.637042537978495,23.02991289329617,1938.108156145153
S12000039,2016,0.03689216785241932,1.5446839,0.10375353918885559,1.2152961674,48.902449110287215,7.8310002101,0.7956473419952578,7.7194292123,206.7865218658941,480.61361943000003,14.010056165870514,6.621165185413019,7.388890980457497,769.5593491108884
S12000038,2016,0.06270930897436541,3.2101935564,0.05574058513233232,2.6534958689,138.18898438376215,11.967006732,0.24327745700841266,18.25552895,479.0763138280397,1009.0418563,32.523863414442644,15.370807196293299,17.15305621814935,1695.2789703846595
S12000036,2016,1.0739416997961346,7.5405145949,0.20750707828816597,6.2444114081,205.07297366828973,20.26096441,2.7514745085570986,10.378716472,1635.1723059465755,2697.271814,76.82191393387212,36.30610584237757,40.51580809149456,4662.796537720379
S12000035,2016,17.71599745098,31.874749911,0.11101553472828432,16.077117581,217.4568521099995,130.64307873,44.892953672716395,116.69616851,106.94984165280279,309.57970268,51.90543351308847,24.530554713110053,27.374878799978422,1043.9029113463155
S12000034,2016,51.82062413751465,48.044779946,12.977963769695931,25.742623548,407.193692142303,577.74292757,1.6085756951787404,354.66148072,310.0260262340031,1037.3514549,125.62968089537006,59.37270054814847,66.2569803472216,2952.7998295580655
S12000033,2016,4.37077702074787,4.4642384299,13.943377562793419,3.5499431887,399.64547375678916,21.665066696,16.901933248464843,11.446020448,878.0147380920884,1337.0320773,46.78231055780708,22.109362181795763,24.67294837601132,2737.815956301291
S12000030,2016,3.3985183901189404,7.8511132949,0,4.3904785858,68.99403741938283,64.473993114,1.1266111654170616,63.538954291,690.1633134248331,485.825667,601.584947619218,284.3095890613359,317.2753585578822,1991.34763430467
S12000029,2016,7.605962438848869,22.312527962,6.175344653799163,12.637646704,260.307055548924,120.84490642,0.796378914002076,123.00785836,517.7448711910472,1817.6801209,73.21357171478729,34.60080005379253,38.61277166099477,2962.326244807409
S12000028,2016,33.81659061861889,9.4722026548,1.824494378965748,5.2989925191,147.8185673622987,64.877995984,0.24100769442997427,102.78044499,553.0879619974344,654.38086918,30.58249277707121,14.453313681352196,16.129179095719017,1604.181620156719
S12000027,2016,6.094058277504704,8.2387075842,0,4.1776394677,142.37764322089976,64.350167271,0.9617622008597211,65.307184212,NA,NA,14.574595854549324,6.887967151672786,7.686628702876539,306.0817580887135
S12000026,2016,45.46520568038415,34.649046648,0.22203107984381093,17.498025915,127.77826290865252,194.97536332,0.5346356172647293,277.93684021,259.23854526798215,501.55335183,65.32018239656388,30.870377139711056,34.449805256852834,1525.1714908736913
S12000023,2016,4.6083466441597,14.778660215,0,7.2059519309,68.89979975219147,78.098217707,1.5717543931430404,120.99906405,NA,NA,16.830011914816236,7.953878816840817,8.876133097975421,312.99180660721044
S12000021,2016,3.3821468325220394,4.9808994587,0.44441137581834705,3.5042841693,105.33793655044677,38.529843833,0.2445697654360166,45.784618713,1351.5747532463022,741.87228749,1447.607405213475,684.1405658954388,763.46683931803625,3743.2631566480004
S12000020,2016,45.4924022942036,18.215317818,0,9.4197845933,162.2191004209293,138.01974339,4.035372354382197,92.433958409,1270.0231476980305,438.70857681,108.02804631930233,51.054152165356875,56.97389415394547,2286.595450107148
S12000019,2016,4.123401194010505,9.8809797679,0,5.2589603844,60.973006543187374,30.252433621,0.10907095332467041,21.981666383,154.1581968837867,483.93790684,23.569686169540674,11.139054950903313,12.430631218637364,794.2453087401499
S12000018,2016,0.02963369224494826,1.2974859822,0.04824577182471342,1.089153617,16.394622498862393,5.1619476578,0.3680871584701622,7.4951306947,147.05096166648914,463.35416848,13.589501017545746,6.422410442843352,7.167090574702396,655.878938237137
S12000017,2016,48.059617341119036,116.85443978,0.8881242983321236,56.668765647,523.9124310237889,607.00910384,37.69547560657672,300.91715487,484.6801906293625,585.15184698,1058.6470980828508,500.3175737824859,558.329524300365,3820.48424809903
S12000014,2016,0.7798098078239776,10.054247427,610.3093122516586,5.7347811911,12646.393339125341,23.871421199,1.0914029554466185,22.959529285,663.5220889900686,896.39906938,33.39037805536921,15.780322797460567,17.61005525790865,14914.505379667808
S12000013,2016,13.546093222807748,22.87259107,0,10.867828811,98.71192959170419,131.89913373,0.911632691217024,35.330082096,2.5486466902498295,12.3187889,20.83160951455307,9.845037453160497,10.986572061392573,349.83833631753186
S12000011,2016,0.3366024692849683,1.683579955,0.0483621806640359,1.4790012188,13.832454821049446,9.5910462288,0.12376627362358093,15.125789966,95.8499372165702,635.34963033,19.468517260463784,9.20083882394527,10.267678436518516,792.888687920256
S12000010,2016,538.0864157664402,12.534408962,0.5557761475413864,6.6912260179,74.46294140528653,51.614171251,0.5777228673701804,37.811564752,179.45832356380933,536.76560258,85.19227199282513,40.261944613701814,44.93032737912332,1523.7504253061727
S12000008,2016,5.8179229706823605,7.116394267,0.05550776736414216,4.2209446682,97.33585668442944,38.917861652,0.7970471526273484,95.407673732,271.5524063560579,727.69536743,114.51233526255331,54.11863297078013,60.39370229177319,1363.4293179429146
S12000006,2016,29.234775366269417,35.274348461,0.48971972408426007,18.275621497,214.99759940320854,264.79976596,1.376672435976471,493.36686889,528.8020497309511,594.32307673,74.40332302002777,35.16307759417443,39.240245425853345,2255.3438212185174
S12000005,2016,0.5100092557183102,2.8410053587,0,1.7538852007,19.16790230350312,9.4426573957,0.04635147216632009,9.8439663625,724.9378972381244,295.15820317,12.946270922707567,6.118419319629476,6.827851603078093,1076.6481486798198
S92000003,2017,857.8931210806905,505.14790247,646.0040953148276,304.48029357,23386.533348876426,3115.2631232,116.08765867422129,2866.2296797,17469.449397061293,28351.734726,4885.568991640709,2453.7583045716774,2431.8106870690312,82504.39233758817
S12000050,2017,1.884040911866198,9.75198125,31.888037181932344,7.6065983832,201.41786926853305,32.4377647,1.1409661911727293,26.523576466,804.885829511194,2000.4186008,62.917521222537154,31.60008393434206,31.317437288195087,3180.8727858864354
S12000049,2017,4.526708507299633e-4,5.4855065391,0.913342362669164,5.6055214634,274.2274991741172,13.971325781000001,1.4505298159521316,3.907848728,1988.6753047192633,2904.7725001,62.84160354825688,31.561954573351,31.27964897490587,5261.851434902609
S12000048,2017,24.275569496661088,18.590484743,0.047613453144320084,11.521694299,131.38059751782052,197.49791799,0.7685128829059625,162.49598727,304.7703092322944,699.81780851,60.992752658961436,30.63337629899121,30.35937635997022,1612.1592480537877
S12000047,2017,5.268244151178571,20.042799997,11.819225954853898,14.071991398,5533.884199057104,95.981453541,0.9141697182829547,89.23646836,1039.6869679337876,2301.8997572,183.50366848431815,92.16401431096142,91.3396541733567,9296.308945795525
S12000045,2017,2.210208584454398,2.2964842812,0.041986062802250305,2.2324961723,37.97278800995924,8.8292985691,0.06964849595763023,8.961834084,136.08632879448223,775.78950842,23.936474575192985,12.022002630920579,11.914471944272403,998.4270560494487
S12000042,2017,0.004776099262498926,2.8664893869,0.13158558921178914,3.0042498072,87.72016154134859,5.6901699881,0.36700975564055277,1.0984640833,613.1683220993569,765.04040251,34.40047772625162,17.277508115523627,17.122969610727992,1513.492108586572
S12000041,2017,19.627428291733445,12.300661511,0,7.7701663666,136.0581355199954,120.2164824,0.15544769870547787,84.061622183,298.63478169127103,580.56684737,45.39641563216629,22.800175792381367,22.596239839784914,1304.7879886644716
S12000040,2017,3.099866601690292,9.5904192322,8.397213347676654,6.5806189145,177.92077061048565,27.68845827,0.29890593067493715,28.86853996,715.5414466543409,1063.4994519,43.247085479054185,21.72068295920494,21.526402519849242,2084.7327769006224
S12000039,2017,0.037188965256342514,1.4966857852,0.08959951603599747,1.3734246603,49.603743295858564,7.6411084543,0.7794225086304172,7.7518096677,197.89252994951744,496.12039841,13.900628635760635,6.981537465160195,6.9190911706004385,776.6865398485594
S12000038,2017,0.06074490770995777,3.1101782197,0.04784596382260712,3.0165904118,147.87690514534444,11.780072718,0.19947437490287856,18.329609527,479.3620383784753,1043.8401457,32.26943117855328,16.207198153103562,16.062233025449718,1739.8930365253084
S12000036,2017,0.974142589971287,7.3055618459,0.17919903198256787,7.1004058082,212.1243886101013,20.009639668,2.7394169152702714,10.413380862,1698.2813681080231,2800.3681776,76.19966453108523,38.27098951394292,37.9286750171423,4835.695345570533
S12000035,2017,16.083322751888197,30.90293583,0.09522690628864017,16.913376081,220.44234003648677,125.409779,39.86324469807072,117.1636866,110.93554078580777,320.4793449,51.03596605221726,25.632618380118434,25.403347672098825,1049.3247636417593
S12000034,2017,42.54154056139239,46.576840322,11.257544848378073,27.410130366,411.60225121551525,557.83352394,1.3189452153310137,356.02892286,309.6625871103094,1057.8538979,122.6574680031368,61.60424328167293,61.053224721463856,2944.743652342063
S12000033,2017,3.912217570111736,4.3254427303,12.134322060221407,4.0170980173,408.53858986845216,21.203015821,16.404447489636837,11.488054175,904.59075570453615,1355.0562716,55.16727943570638,27.707554695800297,27.459724739906076,2796.8374944722646
S12000030,2017,3.0381852655476296,7.610853207,0,4.7125295678,69.91345107704753,62.13387669,1.0064011477937835,63.773648342,650.5766408428539,503.78081269,718.0775782600545,360.6517120108466,357.4258662492078,2084.6239770900975
S12000029,2017,6.086202572442709,21.629387659,5.353081722828123,13.596066131,265.30013307838533,116.8722117,0.6566297377377119,123.50408045,545.5994557447519,1868.3997711,72.31290723338991,36.3188805552131,35.9940266781768,3039.3099271295355
S12000028,2017,26.836291729239406,9.1823298475,1.5656165119999215,5.688072099,131.42869740026833,62.639748707,0.1976132873925993,103.20940779,540.9932556341136,674.86570168,29.977401520959468,15.056035040625096,14.921366480334369,1586.5841362074734
S12000027,2017,4.991345691484029,7.9874756613,0,4.3997646756,141.61235635783223,62.297230193,0.7885930691286224,65.567167408,NA,NA,14.238607811825405,7.151286211203942,7.087321600621462,301.8825408681703
S12000026,2017,36.19545412828448,33.59260365,0.19045380229316605,18.412893189,128.51606935904493,187.86671795,0.39339355686851757,279.08335282,261.91016009728475,516.92415134,62.80822334753735,31.545189495452405,31.263033852084938,1525.8934732403131
S12000023,2017,4.183565404654042,14.328594439,0,7.526770447,69.73893950596897,75.625379235,1.2887537330119982,121.49823075,NA,NA,16.5958101182664,8.335182036824587,8.26062808144181,310.7860436329014
S12000021,2017,2.656097905555459,4.8269855382,0.38125638093259046,3.9024222515,107.45174399983468,37.286910541,0.20053400008920377,45.976279206,1292.8344661303945,769.48086668,1415.2292896264144,710.7934875621693,704.435802064245,3680.2268522599206
S12000020,2017,38.467924233359604,17.65947882,0,9.9603009385,167.7028368092811,133.34272621,3.937130890368316,92.796381657,1229.2969910802403,446.71606838,88.44242954455916,44.41987132773606,44.022558216823086,2228.3222685633086
S12000019,2017,3.3358770800567,9.5791536583,0,5.5923811451,61.06611602455919,29.243527004,0.08943229150156384,22.072603749,162.33136348235024,497.32328642,23.214848970866186,11.65956893641373,11.555280034452453,813.8485898257338
S12000018,2017,0.02885074981578566,1.2570275847,0.041986062802250305,1.2404031045,17.19625158500799,5.0720035173,0.32776491312599715,7.5267816234,169.7639905680765,479.61850248,13.483200979913677,6.771886024592085,6.7113149553215905,695.5567631686422
S12000017,2017,41.18993205683935,113.29642135,0.7618152193673513,59.1222944,529.2079528983494,585.02108461,36.73260496156359,302.13411563,497.69613975602965,596.14827993,1099.8513755608699,552.3961387495924,547.4552368112774,3861.162016373019
S12000014,2017,0.6528119732737876,9.7463345129,559.6751074873299,6.177474757,13145.926886638194,23.229970468,0.8392626216921415,23.053037416,679.0046577636413,931.00003568,33.10186662502722,16.62528566620596,16.476580958821256,15412.407445943058
S12000013,2017,10.834191651081666,22.176623969,0,11.287603694,97.00312706706447,127.1146364,0.7474895892940511,35.474092141,4.467548897252252,17.725518335,20.08393453017742,10.087079156228793,9.996855373948625,346.9147662738699
S12000011,2017,0.26592939808633265,1.6309462035,0.042102318186107365,1.6929847754,14.067168893644734,9.3829951584,0.10148165625578452,15.184582721,95.66028515439378,651.20600793,19.301190128847942,9.693948780134322,9.607241348713618,808.5356743377147
S12000010,2017,530.4995383573183,12.151489281,0.4768320531939476,7.119583527,73.37179927838697,49.74953149,0.47370155944229075,37.94816622,190.15879727746818,557.24870664,164.81033895339104,82.77536118681357,82.03497776657744,1624.0084846372008
S12000008,2017,4.693020723227263,6.8981184728,0.047613453144320084,4.5779255178,97.2964707224655,37.754292375,0.669927203785784,95.79725082,283.0709051135355,750.26126272,140.1528349759614,70.39122430160128,69.76161067436011,1421.2196220977198
S12000006,2017,23.449396489855037,34.197884069,0.42548804993233236,19.331512348,217.20230179905863,255.27756704,1.1287970640504565,495.41719905,527.2943843562622,618.5556604,72.57564934899942,36.45084177595129,36.12480757304812,2264.8558400151583
S12000005,2017,0.5087614163835695,2.7537229065,0,1.9149488962,21.76080623746409,9.1627027804,0.0380057023892565,9.8834965697,736.6162446319231,306.95698117,12.84506652715685,6.451385441023514,6.393681086133336,1102.440736838117
